financial_year,csr_state,csr_development_sector,total_csr_spent_inr,total_projects,average_project_spend_inr,median_project_spend_inr,maximum_project_spend_inr,minimum_project_spend_inr,total_csr_spent_cr,average_project_spend_cr,sector_project_share,sector_spending_share
FY 2024-25,Andaman and Nicobar Islands,Education,118785425.0,2,59392712.5,59392712.5,118332425.0,453000.0,11.8785425,5.93927125,0.125,0.7930155279592309
FY 2024-25,Andaman and Nicobar Islands,Rural development projects,13954861.25,3,4651620.416666667,2900000.0,9554861.25,1500000.0,1.395486125,0.4651620416666667,0.1875,0.09316312722513359
FY 2024-25,Andaman and Nicobar Islands,Livelihood enhancement projects,5866554.0,2,2933277.0,2933277.0,5416554.0,450000.0,0.5866554,0.2933277,0.125,0.039165313569500114
FY 2024-25,Andaman and Nicobar Islands,"Poverty, Eradicating Hunger, Malnutrition",5142692.0,5,1028538.4,1000000.0,2400000.0,120043.0,0.5142692,0.10285384,0.3125,0.03433278629521857
FY 2024-25,Andaman and Nicobar Islands,Health care,4140000.0,2,2070000.0,2070000.0,3540000.0,600000.0,0.414,0.207,0.125,0.027638780479601905
FY 2024-25,Andaman and Nicobar Islands,Environmental sustainability,1900000.0,2,950000.0,950000.0,1500000.0,400000.0,0.19,0.095,0.125,0.012684464471314884
FY 2024-25,Andhra Pradesh,Livelihood enhancement projects,3267129440.44,115,28409821.22121739,1260000.0,1778132825.0000002,0.0,326.712944044,2.840982122121739,0.03970994475138122,0.237393544279604
FY 2024-25,Andhra Pradesh,Education,3049203275.77,779,3914253.2423234917,500000.0,358605574.0,0.0,304.920327577,0.39142532423234916,0.2689917127071823,0.22155876773787486
FY 2024-25,Andhra Pradesh,Health care,2328792660.93,570,4085601.1595263155,1000000.0,285645183.0,0.0,232.87926609299998,0.40856011595263153,0.1968232044198895,0.1692128682835563
FY 2024-25,Andhra Pradesh,Environmental sustainability,1581653339.55,241,6562876.927593361,1500000.0,143000000.0,1.0,158.165333955,0.6562876927593361,0.0832182320441989,0.11492482894919508
FY 2024-25,Andhra Pradesh,Rural development projects,1489255066.4099998,308,4835243.722110389,772408.5700000001,552653758.0,0.0,148.925506641,0.4835243722110389,0.106353591160221,0.1082110595850203
FY 2024-25,Andhra Pradesh,"Poverty, Eradicating Hunger, Malnutrition",583922011.11,221,2642181.0457466063,1000000.0,100000000.0,0.0,58.392201111,0.2642181045746606,0.0763121546961326,0.04242847378021505
FY 2024-25,Andhra Pradesh,Vocational skills,362412868.87,92,3939270.313804348,1447233.5,62478904.99999999,0.0,36.241286887,0.3939270313804348,0.031767955801104975,0.026333353790231825
FY 2024-25,Andhra Pradesh,Safe drinking water,221320965.05,113,1958592.611061947,541588.0,37382400.0,0.0,22.132096505,0.1958592611061947,0.03901933701657458,0.01608144680962687
FY 2024-25,Andhra Pradesh,Gender equality,212996929.32999998,14,15214066.380714284,1900000.0,130260000.0,100000.0,21.299692933,1.5214066380714284,0.004834254143646409,0.015476612388981846
FY 2024-25,Andhra Pradesh,Art and culture,78800057.08,62,1270968.6625806452,468770.5,35626537.25,0.0,7.880005708,0.12709686625806452,0.021408839779005526,0.005725706673298194
FY 2024-25,Andhra Pradesh,Sanitation,68891470.86,47,1465775.9757446807,498000.0,17428936.0,0.0,6.889147086,0.14657759757446806,0.0162292817679558,0.005005736912550344
FY 2024-25,Andhra Pradesh,Conservation of natural resources,66755009.0,61,1094344.4098360655,56000.0,24720000.0,0.0,6.6755009,0.10943444098360655,0.02106353591160221,0.004850499030975841
FY 2024-25,Andhra Pradesh,Setting up homes and hostels for women,59633486.0,8,7454185.75,2135000.0,25262000.0,0.0,5.9633486,0.745418575,0.0027624309392265192,0.004333040627059333
FY 2024-25,Andhra Pradesh,Training to promote sports,58945650.18,66,893115.9118181819,287941.0,6500000.0,0.0,5.894565018,0.08931159118181818,0.022790055248618785,0.004283061651273703
FY 2024-25,Andhra Pradesh,Senior Citizens Welfare,57798915.86,31,1864481.1567741935,498750.0,18040790.0,0.0,5.779891586,0.18644811567741934,0.010704419889502763,0.004199738559999058
FY 2024-25,Andhra Pradesh,Animal welfare,55429429.16,35,1583697.9759999998,630000.0,9833486.0,0.0,5.542942915999999,0.15836979759999997,0.012085635359116022,0.004027568814021492
FY 2024-25,Andhra Pradesh,Socio-economic equalities,54493017.0,31,1757839.2580645161,500000.0,14896605.999999998,50000.0,5.4493017,0.1757839258064516,0.010704419889502763,0.003959527983187749
FY 2024-25,Andhra Pradesh,Agro forestry,51684491.0,9,5742721.222222222,2625000.0,22504101.0,136786.0,5.1684491,0.5742721222222222,0.003107734806629834,0.0037554571150155876
FY 2024-25,Andhra Pradesh,Women empowerment,46367859.8,39,1188919.482051282,399000.0,17780000.0,0.0,4.63678598,0.11889194820512819,0.013466850828729282,0.003369144314373827
FY 2024-25,Andhra Pradesh,Setting up orphanage,34087261.0,9,3787473.4444444445,1200000.0,13481408.0,200000.0,3.4087261,0.37874734444444447,0.003107734806629834,0.002476821274177651
FY 2024-25,Andhra Pradesh,Special education,28305645.0,37,765017.4324324324,380420.0,5120000.0,15000.0,2.8305645,0.07650174324324324,0.012776243093922652,0.0020567221201879572
FY 2024-25,Andhra Pradesh,Slum area development,4074467.0,5,814893.4,330581.0,3000000.0,60000.0,0.4074467,0.08148934000000001,0.0017265193370165745,0.00029605565981188084
FY 2024-25,Andhra Pradesh,"Armed Forces, Veterans, War Widows/ Dependants",550000.0,3,183333.33333333334,200000.0,250000.0,100000.0,0.055,0.018333333333333333,0.0010359116022099447,3.9963659761272934e-05
FY 2024-25,Arunachal Pradesh,Health care,151670693.73,37,4099207.9386486486,1000000.0,71273467.0,0.0,15.167069372999999,0.40992079386486485,0.25170068027210885,0.38048851567287034
FY 2024-25,Arunachal Pradesh,Rural development projects,100661316.61,19,5297964.032105263,999818.0,42745423.0,0.0,10.066131661,0.5297964032105263,0.1292517006802721,0.25252389898603095
FY 2024-25,Arunachal Pradesh,Education,84841084.79,36,2356696.7997222226,990639.0,14854000.0,0.0,8.484108479000001,0.23566967997222227,0.24489795918367346,0.2128364921788325
FY 2024-25,Arunachal Pradesh,Sanitation,13191793.0,18,732877.3888888889,776419.5,1500000.0,0.0,1.3191793,0.07328773888888888,0.12244897959183673,0.03309357671013906
FY 2024-25,Arunachal Pradesh,Special education,9475000.0,3,3158333.3333333335,2000000.0,7225000.0,250000.0,0.9475,0.31583333333333335,0.02040816326530612,0.023769448120400886
FY 2024-25,Arunachal Pradesh,Environmental sustainability,9248800.0,3,3082933.3333333335,350000.00000000006,8878800.0,20000.0,0.92488,0.30829333333333336,0.02040816326530612,0.023201991744165037
FY 2024-25,Arunachal Pradesh,Training to promote sports,8167412.0,6,1361235.3333333333,879861.5,4698689.0,0.0,0.8167412,0.13612353333333332,0.04081632653061224,0.020489168951128196
FY 2024-25,Arunachal Pradesh,Art and culture,6515000.0,6,1085833.3333333333,250000.0,3500000.0,0.0,0.6515,0.10858333333333332,0.04081632653061224,0.016343847441098867
FY 2024-25,Arunachal Pradesh,"Poverty, Eradicating Hunger, Malnutrition",3796000.0,3,1265333.3333333333,1200000.0,2596000.0,0.0,0.3796,0.12653333333333333,0.02040816326530612,0.00952283114142921
FY 2024-25,Arunachal Pradesh,Vocational skills,3148257.129999999,5,629651.4259999997,518400.0,1980000.0,4346.0,0.3148257129999999,0.06296514259999997,0.034013605442176874,0.007897871717278857
FY 2024-25,Arunachal Pradesh,Livelihood enhancement projects,2666000.0,4,666500.0,692000.0,1282000.0,0.0,0.2666,0.06665,0.027210884353741496,0.006688057909128102
FY 2024-25,Arunachal Pradesh,Socio-economic equalities,1952393.13,1,1952393.13,1952393.13,1952393.13,1952393.13,0.195239313,0.195239313,0.006802721088435374,0.004897868835267768
FY 2024-25,Arunachal Pradesh,Safe drinking water,1600000.0,1,1600000.0,1600000.0,1600000.0,1600000.0,0.16,0.16,0.006802721088435374,0.004013838205028118
FY 2024-25,Arunachal Pradesh,Women empowerment,883000.0,3,294333.3333333333,200000.0,683000.0,0.0,0.0883,0.029433333333333332,0.02040816326530612,0.002215136959399893
FY 2024-25,Arunachal Pradesh,"Armed Forces, Veterans, War Widows/ Dependants",804200.0,1,804200.0,804200.0,804200.0,804200.0,0.08042,0.08042,0.006802721088435374,0.0020174554278022576
FY 2024-25,Arunachal Pradesh,Conservation of natural resources,0.0,1,0.0,0.0,0.0,0.0,0.0,0.0,0.006802721088435374,0.0
FY 2024-25,Assam,Health care,2170419020.73,336,6459580.418839286,1555500.0,412700000.00000006,0.0,217.041902073,0.6459580418839286,0.2981366459627329,0.36077764338720464
FY 2024-25,Assam,Education,821084426.1899999,294,2792804.1707142857,711086.5,61302000.0,0.0,82.10844261899999,0.2792804170714286,0.2608695652173913,0.13648466101404214
FY 2024-25,Assam,Environmental sustainability,800847329.22,71,11279539.848169014,2000000.0,300000000.0,51408.0,80.084732922,1.1279539848169013,0.06299911268855368,0.13312075197891984
FY 2024-25,Assam,Rural development projects,663293496.9399999,77,8614201.258961039,1566518.0,160948030.39,0.0,66.32934969399999,0.8614201258961038,0.06832298136645963,0.11025588258049103
FY 2024-25,Assam,Livelihood enhancement projects,640109036.26,58,11036362.69413793,2143185.0,129780000.0,14544.0,64.010903626,1.1036362694137931,0.05146406388642413,0.1064020483634833
FY 2024-25,Assam,Vocational skills,267778903.39,62,4319014.570806451,677500.0,56001101.34,0.0,26.777890339,0.4319014570806451,0.055013309671694766,0.044511516343678524
FY 2024-25,Assam,Women empowerment,191986241.0,17,11293308.294117646,2600763.0,78600000.0,201081.0,19.1986241,1.1293308294117645,0.015084294587400177,0.031912890059105505
FY 2024-25,Assam,"Poverty, Eradicating Hunger, Malnutrition",102625882.27,46,2230997.440652174,1005500.0,16900000.0,15000.0,10.262588227,0.2230997440652174,0.04081632653061224,0.017058975065308013
FY 2024-25,Assam,Conservation of natural resources,86761671.0,6,14460278.5,12474156.0,35943292.0,67500.0,8.6761671,1.44602785,0.005323868677905945,0.01442194843518647
FY 2024-25,Assam,Art and culture,57471138.64,24,2394630.776666667,229000.0,50000000.0,15000.0,5.747113864,0.2394630776666667,0.02129547471162378,0.009553133179944549
FY 2024-25,Assam,Training to promote sports,57092348.5,33,1730071.1666666667,336000.0,30232000.0,0.0,5.70923485,0.17300711666666668,0.029281277728482696,0.00949016883400846
FY 2024-25,Assam,Sanitation,50693155.92,32,1584161.1225,761952.0,12618334.21,0.0,5.069315592000001,0.15841611225000002,0.02839396628216504,0.00842646380906043
FY 2024-25,Assam,Gender equality,35646513.85,11,3240592.1681818184,490600.0,12764478.0,100000.0,3.5646513850000003,0.32405921681818184,0.009760425909494233,0.005925337521897894
FY 2024-25,Assam,Animal welfare,29134959.0,14,2081068.5,799997.0,9480000.0,18000.0,2.9134959,0.20810685,0.012422360248447204,0.0048429550919930064
FY 2024-25,Assam,Setting up orphanage,12290815.0,9,1365646.111111111,200200.0,9884876.0,0.0,1.2290815,0.1365646111111111,0.007985803016858917,0.0020430392604634875
FY 2024-25,Assam,Special education,10463500.0,9,1162611.111111111,500000.0,5500000.0,75000.0,1.04635,0.1162611111111111,0.007985803016858917,0.0017392940420842475
FY 2024-25,Assam,Safe drinking water,9391861.74,9,1043540.1933333334,500000.0,3456149.74,0.0,0.939186174,0.10435401933333334,0.007985803016858917,0.0015611610998672522
FY 2024-25,Assam,Senior Citizens Welfare,3116880.0,6,519480.0,306215.0,1308000.0,96450.0,0.311688,0.051948,0.005323868677905945,0.0005181030070140535
FY 2024-25,Assam,Slum area development,2044000.0,4,511000.0,407000.0,1000000.0,230000.0,0.2044,0.0511,0.00354924578527063,0.00033976365671335615
FY 2024-25,Assam,Agro forestry,1874885.0,1,1874885.0,1874885.0,1874885.0,1874885.0,0.1874885,0.1874885,0.0008873114463176575,0.00031165253596723125
FY 2024-25,Assam,Socio-economic equalities,1313090.0,6,218848.33333333334,170000.0,542220.0,30870.0,0.131309,0.021884833333333336,0.005323868677905945,0.00021826822895975578
FY 2024-25,Assam,"Armed Forces, Veterans, War Widows/ Dependants",303000.0,1,303000.0,303000.0,303000.0,303000.0,0.0303,0.0303,0.0008873114463176575,5.036613893549261e-05
FY 2024-25,Assam,Setting up homes and hostels for women,204400.0,1,204400.0,204400.0,204400.0,204400.0,0.02044,0.02044,0.0008873114463176575,3.397636567133561e-05
FY 2024-25,Bihar,Health care,1164337206.37,277,4203383.416498194,725000.0,250000000.0,0.0,116.433720637,0.4203383416498194,0.24954954954954955,0.25786932848821426
FY 2024-25,Bihar,Education,1107143279.55,318,3481582.6400943394,604414.5,153928245.41,0.0,110.714327955,0.34815826400943395,0.2864864864864865,0.24520241427986533
FY 2024-25,Bihar,"Poverty, Eradicating Hunger, Malnutrition",613078857.35,67,9150430.706716418,500000.0,304531483.0,5100.0,61.307885735,0.9150430706716418,0.06036036036036036,0.13578045293944463
FY 2024-25,Bihar,Livelihood enhancement projects,451445562.72,40,11286139.068,2987899.5,103377000.0,0.0,45.144556272,1.1286139068,0.036036036036036036,0.0999830319521686
FY 2024-25,Bihar,Rural development projects,411660918.53,100,4116609.1852999995,1215665.5,101170000.0,0.0,41.166091853,0.41166091853,0.09009009009009009,0.09117180490789797
FY 2024-25,Bihar,Vocational skills,179787052.05,32,5618345.3765625,534276.365,66222520.92,0.0,17.978705205,0.56183453765625,0.02882882882882883,0.03981798926407963
FY 2024-25,Bihar,Environmental sustainability,165376596.24,84,1968769.002857143,517615.0,35694000.0,0.0,16.537659624,0.1968769002857143,0.07567567567567568,0.036626461463882445
FY 2024-25,Bihar,Sanitation,116293183.3,42,2768885.3166666664,800726.0149999999,25091047.0,0.0,11.62931833,0.27688853166666666,0.03783783783783784,0.02575580761420602
FY 2024-25,Bihar,Gender equality,87158791.7,13,6704522.438461538,3194400.0,29098250.0,38609.0,8.715879170000001,0.6704522438461539,0.011711711711711712,0.019303324642174935
FY 2024-25,Bihar,Safe drinking water,57378142.44,22,2608097.3836363633,1078857.5,29370000.0,0.0,5.737814244,0.26080973836363636,0.01981981981981982,0.012707713006125524
FY 2024-25,Bihar,Women empowerment,53702687.0,29,1851816.7931034483,80069.00000000001,30000000.0,1299.9999999999998,5.3702687,0.18518167931034482,0.026126126126126126,0.011893698628661778
FY 2024-25,Bihar,Conservation of natural resources,40984907.25,14,2927493.375,1030762.5,21361806.0,0.0,4.098490725,0.2927493375,0.012612612612612612,0.009077052981634888
FY 2024-25,Bihar,Training to promote sports,22679890.65,19,1193678.4552631578,32804.0,14782235.0,0.0,2.2679890649999996,0.11936784552631578,0.017117117117117116,0.005022984870796205
FY 2024-25,Bihar,Art and culture,13526965.0,22,614862.0454545454,183745.0,3841079.0,0.0,1.3526965,0.06148620454545454,0.01981981981981982,0.0029958583835936526
FY 2024-25,Bihar,Agro forestry,12777027.0,3,4259009.0,1932000.0,9213000.0,1632027.0,1.2777027,0.4259009,0.002702702702702703,0.002829767317011056
FY 2024-25,Bihar,Special education,6710000.0,6,1118333.3333333333,700000.0,4000000.0,10000.0,0.671,0.11183333333333333,0.005405405405405406,0.0014860842586576818
FY 2024-25,Bihar,Animal welfare,4560073.0,10,456007.3,100000.0,2379100.0,0.0,0.4560073,0.04560073,0.009009009009009009,0.0010099333388420137
FY 2024-25,Bihar,Senior Citizens Welfare,2588632.04,4,647158.01,462080.02,1500000.0,164472.0,0.258863204,0.064715801,0.0036036036036036037,0.0005733122691655622
FY 2024-25,Bihar,Setting up homes and hostels for women,1521000.0000000002,1,1521000.0000000002,1521000.0000000002,1521000.0000000002,1521000.0000000002,0.1521,0.1521,0.0009009009009009009,0.00033686053016666683
FY 2024-25,Bihar,Socio-economic equalities,1511000.0,6,251833.33333333334,100000.0,1000000.0,50000.0,0.1511,0.025183333333333335,0.005405405405405406,0.00033464579952783267
FY 2024-25,Bihar,Setting up orphanage,1000000.0,1,1000000.0,1000000.0,1000000.0,1000000.0,0.1,0.1,0.0009009009009009009,0.00022147306388341012
FY 2024-25,Chandigarh,Health care,705046297.11,86,8198212.7570930235,548915.0,560744942.58,20060.0,70.504629711,0.8198212757093023,0.38392857142857145,0.48266756482241957
FY 2024-25,Chandigarh,Training to promote sports,551312823.0,6,91885470.5,267360.0,550000000.0,50000.0,55.1312823,9.18854705,0.026785714285714284,0.37742318316334206
FY 2024-25,Chandigarh,Education,95194900.0,70,1359927.142857143,549425.0,12500000.0,0.0,9.51949,0.1359927142857143,0.3125,0.0651694658277811
FY 2024-25,Chandigarh,"Poverty, Eradicating Hunger, Malnutrition",57376286.330000006,25,2295051.4532000003,751000.0,31096082.96,27000.0,5.737628633000001,0.22950514532000002,0.11160714285714286,0.039279225371400356
FY 2024-25,Chandigarh,Vocational skills,28791547.95,10,2879154.795,1164415.0,18511754.95,10000.0,2.879154795,0.2879154795,0.044642857142857144,0.019710402555771854
FY 2024-25,Chandigarh,Livelihood enhancement projects,8065202.0,5,1613040.4,2100000.0,2965202.0,100000.0,0.8065202,0.16130403999999998,0.022321428571428572,0.0055213557252872985
FY 2024-25,Chandigarh,Environmental sustainability,6878130.0,3,2292710.0,1450000.0,5000000.0,428130.0,0.687813,0.229271,0.013392857142857142,0.004708698239023688
FY 2024-25,Chandigarh,Senior Citizens Welfare,2911000.0,3,970333.3333333334,211000.0,2600000.0,100000.0,0.2911,0.09703333333333333,0.013392857142857142,0.001992841160867555
FY 2024-25,Chandigarh,Special education,1647174.0,8,205896.75,200000.0,365574.0,80000.0,0.1647174,0.020589675,0.03571428571428571,0.0011276386624221415
FY 2024-25,Chandigarh,Women empowerment,1324400.0,2,662200.0,662200.0,1088400.0,236000.0,0.13244,0.06622,0.008928571428571428,0.0009066708462566093
FY 2024-25,Chandigarh,Slum area development,1059800.0,1,1059800.0,1059800.0,1059800.0,1059800.0,0.10598,0.10598,0.004464285714285714,0.0007255283621736292
FY 2024-25,Chandigarh,Animal welfare,819000.0,2,409500.0,409500.0,750000.0,69000.0,0.0819,0.04095,0.008928571428571428,0.0005606791173997002
FY 2024-25,Chandigarh,Rural development projects,200000.0,1,200000.0,200000.0,200000.0,200000.0,0.02,0.02,0.004464285714285714,0.0001369179773869842
FY 2024-25,Chandigarh,"Armed Forces, Veterans, War Widows/ Dependants",102000.0,1,102000.0,102000.0,102000.0,102000.0,0.0102,0.0102,0.004464285714285714,6.982816846736194e-05
FY 2024-25,Chandigarh,Safe drinking water,0.0,1,0.0,0.0,0.0,0.0,0.0,0.0,0.004464285714285714,0.0
FY 2024-25,Chhattisgarh,Health care,1901811407.86,255,7458083.952392156,843866.0000000001,527600000.0,0.0,190.181140786,0.7458083952392156,0.18110795454545456,0.34763195093075044
FY 2024-25,Chhattisgarh,Education,1385761233.59,361,3838673.7772576176,674194.64,141885000.0,0.0,138.57612335899998,0.38386737772576174,0.25639204545454547,0.25330318199067064
FY 2024-25,Chhattisgarh,Rural development projects,776113609.46,167,4647386.882994012,895454.0,91315310.0,0.0,77.611360946,0.4647386882994012,0.11860795454545454,0.14186574288355913
FY 2024-25,Chhattisgarh,Livelihood enhancement projects,319020490.05,65,4908007.5392307695,1000000.0,46636000.0,40400.0,31.902049005000002,0.4908007539230769,0.04616477272727273,0.058313729155593276
FY 2024-25,Chhattisgarh,"Poverty, Eradicating Hunger, Malnutrition",252117853.81,114,2211560.121140351,662044.0,56700000.0,0.0,25.211785381,0.2211560121140351,0.08096590909090909,0.0460846017760852
FY 2024-25,Chhattisgarh,Environmental sustainability,213517334.05,94,2271461.000531915,804375.0,25715916.0,0.0,21.351733405,0.22714610005319152,0.06676136363636363,0.039028815941774125
FY 2024-25,Chhattisgarh,Safe drinking water,136289292.12,56,2433737.3592857146,184000.0,91826000.0,4950.0,13.628929212000001,0.24337373592857145,0.03977272727272727,0.02491230850484744
FY 2024-25,Chhattisgarh,Art and culture,88943630.95,54,1647104.276851852,500000.0,14005664.0,5000.0,8.894363095000001,0.1647104276851852,0.03835227272727273,0.016257998990975294
FY 2024-25,Chhattisgarh,Vocational skills,59612824.1,31,1922994.3258064517,377000.0,25613896.0,0.0,5.96128241,0.19229943258064516,0.022017045454545456,0.010896623217595184
FY 2024-25,Chhattisgarh,Sanitation,59422142.24,21,2829625.820952381,557935.0,38684000.0,31826.0,5.942214224,0.2829625820952381,0.014914772727272728,0.010861768496078136
FY 2024-25,Chhattisgarh,Training to promote sports,56478755.06,41,1377530.6112195123,500000.0,7609155.0,0.0,5.647875506,0.13775306112195124,0.02911931818181818,0.010323746995366178
FY 2024-25,Chhattisgarh,Socio-economic equalities,55624575.54,19,2927609.238947368,1405000.0000000002,19999713.0,10600.0,5.562457554,0.29276092389473685,0.013494318181818182,0.010167611591111335
FY 2024-25,Chhattisgarh,Women empowerment,39502350.58,31,1274269.373548387,1000000.0,6739000.000000001,11000.0,3.9502350579999996,0.1274269373548387,0.022017045454545456,0.007220631415776401
FY 2024-25,Chhattisgarh,Conservation of natural resources,31702824.61,12,2641902.0508333333,1666667.0,9900000.0,0.0,3.1702824609999998,0.26419020508333335,0.008522727272727272,0.00579495670477175
FY 2024-25,Chhattisgarh,Senior Citizens Welfare,26670955.0,18,1481719.7222222222,709896.5,6100000.0,100000.0,2.6670955,0.14817197222222223,0.01278409090909091,0.004875181672334768
FY 2024-25,Chhattisgarh,Gender equality,22910156.0,8,2863769.5,875000.0,16160380.0,35000.0,2.2910156,0.28637695,0.005681818181818182,0.004187745532228989
FY 2024-25,Chhattisgarh,Animal welfare,21423676.0,36,595102.1111111111,200000.0,4875000.0,3100.0,2.1423676,0.059510211111111114,0.02556818181818182,0.003916031975204421
FY 2024-25,Chhattisgarh,Special education,12640997.14,11,1149181.5581818183,500000.0,9000000.0,12997.14,1.264099714,0.11491815581818184,0.0078125,0.0023106468282430913
FY 2024-25,Chhattisgarh,"Armed Forces, Veterans, War Widows/ Dependants",5829000.0,6,971500.0,150000.0,3402000.0,7000.0,0.5829,0.09715,0.004261363636363636,0.0010654824309080557
FY 2024-25,Chhattisgarh,Slum area development,4380146.0,5,876029.2,144121.0,4000000.0,9600.0,0.4380146,0.08760292,0.0035511363636363635,0.0008006465273309653
FY 2024-25,Chhattisgarh,Agro forestry,824000.0,2,412000.0,412000.0,800000.0,24000.0,0.0824,0.0412,0.0014204545454545455,0.00015061889227453043
FY 2024-25,Chhattisgarh,Setting up homes and hostels for women,164000.0,1,164000.0,164000.0,164000.0,164000.0,0.0164,0.0164,0.0007102272727272727,2.997754652065897e-05
FY 2024-25,Dadra & Nagar Haveli,Education,62541711.64,38,1645834.5168421052,300000.0,12000000.0,0.0,6.254171164,0.1645834516842105,0.24358974358974358,0.2719568495811808
FY 2024-25,Dadra & Nagar Haveli,Health care,45215536.13,32,1412985.5040625,807109.0,7011450.0,14000.0,4.521553613,0.14129855040625,0.20512820512820512,0.19661557759756346
FY 2024-25,Dadra & Nagar Haveli,"Poverty, Eradicating Hunger, Malnutrition",38681932.0,18,2148996.222222222,761015.0,15015000.0,10000.0,3.8681932,0.2148996222222222,0.11538461538461539,0.16820480422709239
FY 2024-25,Dadra & Nagar Haveli,Environmental sustainability,37298575.8,15,2486571.7199999997,785300.0,19715628.0,15000.0,3.7298575799999996,0.24865717199999998,0.09615384615384616,0.16218940771594254
FY 2024-25,Dadra & Nagar Haveli,Rural development projects,14026957.319999998,12,1168913.1099999999,685000.0,6037257.0,4000.0,1.4026957319999998,0.11689131099999998,0.07692307692307693,0.0609949267764697
FY 2024-25,Dadra & Nagar Haveli,Vocational skills,9730624.1,4,2432656.025,853064.05,8022739.0,1756.9999999999998,0.9730624099999999,0.24326560249999998,0.02564102564102564,0.042312719068632015
FY 2024-25,Dadra & Nagar Haveli,Gender equality,9703438.0,1,9703438.0,9703438.0,9703438.0,9703438.0,0.9703438,0.9703438,0.00641025641025641,0.04219450282679078
FY 2024-25,Dadra & Nagar Haveli,Setting up homes and hostels for women,6283000.0,3,2094333.3333333333,1100000.0,4183000.0,1000000.0,0.6283,0.20943333333333333,0.019230769230769232,0.027321044485544864
FY 2024-25,Dadra & Nagar Haveli,Animal welfare,2040759.0,1,2040759.0,2040759.0,2040759.0,2040759.0,0.2040759,0.2040759,0.00641025641025641,0.008874051794250526
FY 2024-25,Dadra & Nagar Haveli,Livelihood enhancement projects,1656946.0,19,87207.68421052632,9857.0,400000.0,2655.0,0.1656946,0.008720768421052632,0.12179487179487179,0.007205076456493016
FY 2024-25,Dadra & Nagar Haveli,Women empowerment,1622150.0,2,811075.0,811075.0,1206150.0,416000.0,0.162215,0.0811075,0.01282051282051282,0.007053769268220054
FY 2024-25,Dadra & Nagar Haveli,Setting up orphanage,549172.0,1,549172.0,549172.0,549172.0,549172.0,0.0549172,0.0549172,0.00641025641025641,0.002388023657841102
FY 2024-25,Dadra & Nagar Haveli,Socio-economic equalities,208200.00000000003,1,208200.00000000003,208200.00000000003,208200.00000000003,208200.00000000003,0.02082,0.02082,0.00641025641025641,0.0009053384469028237
FY 2024-25,Dadra & Nagar Haveli,Training to promote sports,195510.0,4,48877.5,8115.0,174780.0,4500.0,0.019551,0.00488775,0.02564102564102564,0.000850157155398516
FY 2024-25,Dadra & Nagar Haveli,Safe drinking water,186650.0,1,186650.0,186650.0,186650.0,186650.0,0.018665,0.018665,0.00641025641025641,0.0008116302647185977
FY 2024-25,Dadra & Nagar Haveli,Sanitation,25960.0,2,12980.0,12980.0,19470.0,6489.999999999999,0.002596,0.001298,0.01282051282051282,0.0001128846593736662
FY 2024-25,Dadra & Nagar Haveli,Art and culture,2124.0,2,1062.0,1062.0,1416.0,708.0,0.0002124,0.0001062,0.01282051282051282,9.236017585118143e-06
FY 2024-25,Daman and Diu,Education,45030477.0,17,2648851.588235294,1050342.0,15000000.0,51000.00000000001,4.5030477,0.2648851588235294,0.265625,0.3498320826315633
FY 2024-25,Daman and Diu,Health care,40046806.199999996,19,2107726.6421052627,1000000.0,10980669.999999998,50495.0,4.004680619999999,0.21077266421052626,0.296875,0.3111150169625918
FY 2024-25,Daman and Diu,Training to promote sports,16277942.0,6,2712990.3333333335,2132500.0,5090993.0,921949.0,1.6277942,0.27129903333333333,0.09375,0.12645982743677786
FY 2024-25,Daman and Diu,"Poverty, Eradicating Hunger, Malnutrition",12967999.02,4,3241999.755,181322.0,12596517.02,8838.0,1.296799902,0.3241999755,0.0625,0.10074559291767378
FY 2024-25,Daman and Diu,Rural development projects,6009158.0,5,1201831.6,877920.0,3406280.0,9958.0,0.6009158,0.12018316000000001,0.078125,0.04668385498119684
FY 2024-25,Daman and Diu,Art and culture,4986000.0,3,1662000.0,21000.0,4965000.0,0.0,0.4986,0.1662,0.046875,0.03873516072239196
FY 2024-25,Daman and Diu,Socio-economic equalities,1085000.0,3,361666.6666666667,300000.0,635000.0,150000.0,0.1085,0.036166666666666666,0.046875,0.008429131444804509
FY 2024-25,Daman and Diu,Vocational skills,710696.0,1,710696.0,710696.0,710696.0,710696.0,0.0710696,0.0710696,0.015625,0.00552124424082653
FY 2024-25,Daman and Diu,Special education,654836.0,1,654836.0,654836.0,654836.0,654836.0,0.0654836,0.0654836,0.015625,0.005087279925152078
FY 2024-25,Daman and Diu,"Armed Forces, Veterans, War Widows/ Dependants",500000.0,1,500000.0,500000.0,500000.0,500000.0,0.05,0.05,0.015625,0.0038843923708776536
FY 2024-25,Daman and Diu,Women empowerment,286680.83,3,95560.27666666667,66667.0,220000.0,13.83,0.028668083,0.009556027666666668,0.046875,0.0022271616578577475
FY 2024-25,Daman and Diu,Environmental sustainability,164666.0,1,164666.0,164666.0,164666.0,164666.0,0.0164666,0.0164666,0.015625,0.0012792547082858795
FY 2024-25,Delhi,Education,9518972843.35,2409,3951420.8565172274,1000000.0,1488378742.56,0.0,951.897284335,0.39514208565172276,0.34512893982808024,0.3486666726593092
FY 2024-25,Delhi,Livelihood enhancement projects,4598598183.77,272,16906610.96974265,1000000.0,3789603136.57,0.0,459.85981837700007,1.6906610969742648,0.03896848137535817,0.1684402250136007
FY 2024-25,Delhi,Health care,4334983519.1,1482,2925090.0938596493,1000000.0,500000000.0,0.0,433.49835191000005,0.2925090093859649,0.21232091690544413,0.15878438824347063
FY 2024-25,Delhi,"Poverty, Eradicating Hunger, Malnutrition",1804273041.1699998,586,3078964.234078498,850084.2750000001,693259107.0,0.0,180.42730411699998,0.3078964234078498,0.08395415472779369,0.06608800005907378
FY 2024-25,Delhi,Environmental sustainability,1520566402.95,544,2795158.828952206,1095000.0,101421453.7,0.0,152.056640295,0.27951588289522056,0.07793696275071633,0.055696222375977336
FY 2024-25,Delhi,Sanitation,1039341666.26,59,17615960.445084747,915000.0,284515043.6,24719.0,103.93416662599999,1.7615960445084746,0.00845272206303725,0.038069632773899485
FY 2024-25,Delhi,Training to promote sports,909386667.01,139,6542350.122374101,594000.0,380000000.0,0.0,90.938666701,0.6542350122374101,0.01991404011461318,0.03330956276113598
FY 2024-25,Delhi,Vocational skills,812776172.71,230,3533809.4465652173,1000000.0,70382832.0,0.0,81.277617271,0.35338094465652176,0.0329512893982808,0.02977085536634763
FY 2024-25,Delhi,Art and culture,596199672.79,146,4083559.402671233,536921.0,97800000.0,0.0,59.619967278999994,0.4083559402671233,0.020916905444126076,0.021837960836024507
FY 2024-25,Delhi,Women empowerment,511626971.84000003,201,2545407.820099503,1115000.0,63141581.70000001,0.0,51.162697184,0.2545407820099503,0.028796561604584527,0.018740180989047898
FY 2024-25,Delhi,"Armed Forces, Veterans, War Widows/ Dependants",371946171.43,99,3757032.0346464645,600000.0,150000000.0,0.0,37.194617143,0.3757032034646465,0.014183381088825215,0.013623868471425027
FY 2024-25,Delhi,Animal welfare,316192661.96,214,1477535.8035514017,490000.0,52141800.0,12500.0,31.619266195999998,0.14775358035514016,0.030659025787965616,0.011581695334061299
FY 2024-25,Delhi,Special education,240577586.0,162,1485046.827160494,720500.0,21000000.0,0.0,24.0577586,0.14850468271604939,0.023209169054441262,0.00881202077234927
FY 2024-25,Delhi,Rural development projects,160439376.64000002,78,2056915.0851282054,806000.0,31825434.0,0.0,16.043937664,0.20569150851282053,0.011174785100286532,0.005876670155192464
FY 2024-25,Delhi,Senior Citizens Welfare,122676596.68,120,1022304.9723333333,500000.0,10812000.0,0.0,12.267659668,0.10223049723333333,0.017191977077363897,0.004493472298060525
FY 2024-25,Delhi,Gender equality,116349917.75,55,2115453.05,1125000.0,17750000.0,0.0,11.634991775,0.211545305,0.007879656160458453,0.004261734890274147
FY 2024-25,Delhi,Socio-economic equalities,107252867.03999999,57,1881629.2463157894,500000.0,20644710.0,0.0,10.725286703999998,0.18816292463157894,0.008166189111747851,0.0039285226357308875
FY 2024-25,Delhi,Safe drinking water,73018744.35,31,2355443.366129032,250000.0,25800106.67,0.0,7.301874434999999,0.2355443366129032,0.004441260744985674,0.0026745745631642547
FY 2024-25,Delhi,Conservation of natural resources,49347602.36,28,1762414.3699999999,1000000.0,8491000.0,20000.0,4.934760236,0.176241437,0.0040114613180515755,0.001807533712063899
FY 2024-25,Delhi,Agro forestry,38621411.0,10,3862141.1,1395574.0,15736200.0,400000.0,3.8621411,0.38621411,0.0014326647564469914,0.0014146483122057705
FY 2024-25,Delhi,Setting up homes and hostels for women,30385284.0,19,1599225.4736842106,400000.0,13000000.0,20000.0,3.0385284,0.15992254736842107,0.0027220630372492838,0.0011129704900344787
FY 2024-25,Delhi,Setting up orphanage,24849661.0,35,709990.3142857143,500000.0,3024000.0,0.0,2.4849661,0.07099903142857143,0.00501432664756447,0.0009102083554776277
FY 2024-25,Delhi,Slum area development,2685850.0,4,671462.5,425000.0,1724300.0,111550.0,0.268585,0.06714625,0.0005730659025787965,9.837893207314122e-05
FY 2024-25,Goa,Education,320121901.89,193,1658662.7040932642,700000.0000000001,28025002.0,0.0,32.012190189,0.16586627040932642,0.3852295409181637,0.30441847220086826
FY 2024-25,Goa,Health care,258243849.22,94,2747274.9917021277,836651.0,47550000.0,0.0,25.824384922,0.2747274991702128,0.18762475049900199,0.2455758183700818
FY 2024-25,Goa,Environmental sustainability,97189126.7,28,3471040.2392857145,1380592.5,21340016.0,96525.0,9.71891267,0.3471040239285714,0.05588822355289421,0.09242155969296029
FY 2024-25,Goa,Training to promote sports,84800511.65,18,4711139.536111112,710000.0,28490447.31,5000.0,8.480051165,0.4711139536111112,0.03592814371257485,0.08064066234123339
FY 2024-25,Goa,Art and culture,62105453.68,16,3881590.855,228726.84,50000000.0,0.0,6.210545368,0.3881590855,0.031936127744510975,0.05905889979094236
FY 2024-25,Goa,Rural development projects,49322073.0,25,1972882.92,500000.0,16234077.0,50000.0,4.9322073,0.197288292,0.0499001996007984,0.04690260185196257
FY 2024-25,Goa,"Poverty, Eradicating Hunger, Malnutrition",42476461.24,16,2654778.8275,588830.0,18742367.0,41334.0,4.247646124,0.26547788275,0.031936127744510975,0.040392798364741085
FY 2024-25,Goa,Vocational skills,33315116.22,13,2562701.2476923075,796138.4,15520000.0,15871.0,3.331511622,0.2562701247692307,0.02594810379241517,0.03168085882599704
FY 2024-25,Goa,Sanitation,21781777.439999998,13,1675521.3415384614,492799.99,8031066.0,22526.0,2.1781777439999996,0.16755213415384615,0.02594810379241517,0.0207132825681593
FY 2024-25,Goa,Livelihood enhancement projects,20053325.0,7,2864760.714285714,712598.0,10000000.0,344000.0,2.0053325,0.2864760714285714,0.013972055888223553,0.019069618551576437
FY 2024-25,Goa,Animal welfare,18866333.0,18,1048129.6111111111,617406.0,4652877.0,15027.0,1.8866333,0.10481296111111112,0.03592814371257485,0.01794085388717426
FY 2024-25,Goa,Safe drinking water,15055373.0,6,2509228.8333333335,680546.0,7010000.0,10140.0,1.5055373,0.25092288333333335,0.011976047904191617,0.014316838741789854
FY 2024-25,Goa,Senior Citizens Welfare,7554702.16,9,839411.3511111111,500000.0,2155819.16,155000.0,0.755470216,0.0839411351111111,0.017964071856287425,0.007184109790369955
FY 2024-25,Goa,Special education,6559301.0,19,345226.36842105264,300000.0,1232050.0,1.0,0.6559301,0.03452263684210526,0.03792415169660679,0.00623753756721012
FY 2024-25,Goa,Women empowerment,4200361.0,10,420036.1,355000.0,900000.0,0.0,0.4200361,0.04200361,0.01996007984031936,0.003994314262044731
FY 2024-25,Goa,Setting up orphanage,3848636.0,9,427626.22222222225,362636.0,800000.0,200000.0,0.3848636,0.04276262222222223,0.017964071856287425,0.0036598429668827956
FY 2024-25,Goa,Conservation of natural resources,2866432.0,2,1433216.0,1433216.0,1871106.0,995326.0,0.2866432,0.1433216,0.003992015968063872,0.0027258205232315513
FY 2024-25,Goa,Socio-economic equalities,1958675.0000000002,2,979337.5000000001,979337.5000000001,1700000.0000000002,258675.00000000003,0.19586750000000003,0.09793375000000001,0.003992015968063872,0.0018625931169274413
FY 2024-25,Goa,Slum area development,1165600.0,2,582800.0,582800.0,1065600.0,100000.0,0.11656,0.05828,0.003992015968063872,0.001108422038924592
FY 2024-25,Goa,Gender equality,100000.0,1,100000.0,100000.0,100000.0,100000.0,0.01,0.01,0.001996007984031936,9.509454692215101e-05
FY 2024-25,Gujarat,Education,13989730573.47,3767,3713759.1116193254,750000.0,1393100000.0,0.0,1398.973057347,0.3713759111619325,0.32742285962624945,0.3097879105357729
FY 2024-25,Gujarat,Health care,8394731414.29,2656,3160666.9481513556,900000.0,551590000.0,0.0,839.473141429,0.31606669481513555,0.2308561495002173,0.18589252242453058
FY 2024-25,Gujarat,Environmental sustainability,7350212996.51,721,10194470.175464632,753000.0,1600000000.0,0.0,735.021299651,1.0194470175464632,0.0626684050412864,0.16276275759733438
FY 2024-25,Gujarat,Training to promote sports,2998497558.62,135,22211093.026814815,500000.0,2715400000.0,0.0,299.849755862,2.2211093026814814,0.011734028683181226,0.06639858348616523
FY 2024-25,Gujarat,Vocational skills,2019764644.43,260,7768325.555500001,983792.5,1302400000.0,0.0,201.976464443,0.7768325555500001,0.022598870056497175,0.04472556963738583
FY 2024-25,Gujarat,Rural development projects,1831718659.8899999,478,3832047.405627615,892912.0,150525658.0,0.0,183.171865989,0.3832047405627615,0.04154715341156019,0.040561488540230034
FY 2024-25,Gujarat,Livelihood enhancement projects,1750711277.95,389,4500543.130976864,1000000.0,456392991.0,0.0,175.071127795,0.4500543130976864,0.033811386353759236,0.03876766503109427
FY 2024-25,Gujarat,"Poverty, Eradicating Hunger, Malnutrition",1705306310.96,992,1719058.7812096775,622757.5,72146000.0,0.0,170.530631096,0.17190587812096775,0.08622338113863538,0.03776221965972648
FY 2024-25,Gujarat,Animal welfare,1612538749.48,579,2785041.0181001727,400000.0,445600000.0,0.0,161.253874948,0.2785041018100173,0.05032594524119948,0.03570797930924489
FY 2024-25,Gujarat,Conservation of natural resources,735063486.88,101,7277856.305742574,1895000.0,334724221.0,0.0,73.506348688,0.7277856305742574,0.008778791829639287,0.016277209951671916
FY 2024-25,Gujarat,Art and culture,675116347.75,181,3729924.57320442,350000.00000000006,200000000.0,0.0,67.511634775,0.372992457320442,0.015732290308561495,0.014949743430701335
FY 2024-25,Gujarat,Women empowerment,602895889.1,335,1799689.22119403,900000.0,30000000.0,0.0,60.28958891,0.179968922119403,0.029117774880486745,0.013350497121730477
FY 2024-25,Gujarat,Special education,338542310.06,258,1312179.4963565893,336571.0,66600000.0,0.0,33.854231006,0.13121794963565891,0.02242503259452412,0.007496664378964359
FY 2024-25,Gujarat,Senior Citizens Welfare,225378825.0,180,1252104.5833333333,303000.0,30164437.0,0.0,22.5378825,0.12521045833333333,0.01564537157757497,0.004990777692900173
FY 2024-25,Gujarat,Sanitation,203787968.76,94,2167957.114468085,522106.25,31000000.0,0.0,20.378796876,0.2167957114468085,0.008170360712733594,0.004512670826857161
FY 2024-25,Gujarat,Socio-economic equalities,171865294.33,94,1828354.195,500000.0,50000000.0,0.0,17.186529433,0.1828354195,0.008170360712733594,0.0038057766834390353
FY 2024-25,Gujarat,Safe drinking water,157964524.89,105,1504424.0465714284,399894.0,30062075.0,0.0,15.796452488999998,0.15044240465714284,0.009126466753585397,0.003497958723897802
FY 2024-25,Gujarat,Agro forestry,149839884.48000002,33,4540602.5600000005,600000.0,40242000.00000001,36400.0,14.983988448000002,0.45406025600000005,0.0028683181225554106,0.0033180470834805486
FY 2024-25,Gujarat,Gender equality,139646532.78,52,2685510.2457692306,500000.0,30000000.0,15000.0,13.964653278,0.2685510245769231,0.004519774011299435,0.0030923260012970465
FY 2024-25,Gujarat,Setting up homes and hostels for women,48228592.72,29,1663054.9213793103,888250.0,12000000.0,50000.0,4.822859272,0.16630549213793103,0.0025206431986093004,0.001067971601622041
FY 2024-25,Gujarat,Setting up orphanage,35720848.0,22,1623674.9090909092,500000.0,20000000.0,5000.0,3.5720848,0.16236749090909092,0.0019122120817036071,0.0007910007134427014
FY 2024-25,Gujarat,"Armed Forces, Veterans, War Widows/ Dependants",11515453.0,29,397084.5862068966,200000.0,2205000.0,0.0,1.1515453,0.03970845862068966,0.0025206431986093004,0.00025499762879693946
FY 2024-25,Gujarat,Slum area development,10280999.0,15,685399.9333333333,651999.9999999999,2030285.0,11000.0,1.0280999,0.06853999333333334,0.001303780964797914,0.00022766193971385284
FY 2024-25,Haryana,Education,4832270307.47,1372,3522062.906319242,892722.6749999999,781880130.0,0.0,483.227030747,0.3522062906319242,0.3356164383561644,0.34947788086487613
FY 2024-25,Haryana,Health care,2451569359.15,704,3482342.8397017047,885020.0,488423849.7,0.0,245.15693591500002,0.3482342839701705,0.17221135029354206,0.17730160150696897
FY 2024-25,Haryana,Vocational skills,1523491879.77,192,7934853.54046875,1245156.0,543640238.0500001,0.0,152.34918797699999,0.7934853540468749,0.046966731898238745,0.11018148401876661
FY 2024-25,Haryana,Environmental sustainability,1057721365.49,414,2554882.525338164,902572.5,73169919.31,0.0,105.772136549,0.2554882525338164,0.1012720156555773,0.07649618043624791
FY 2024-25,Haryana,Rural development projects,783620138.75,158,4959621.131329114,910537.0,57286520.440000005,0.0,78.362013875,0.4959621131329114,0.038649706457925634,0.05667272070232598
FY 2024-25,Haryana,Training to promote sports,555226203.93,79,7028179.796582278,800000.0,170000000.0,0.0,55.522620393,0.7028179796582278,0.019324853228962817,0.040154888862518494
FY 2024-25,Haryana,Livelihood enhancement projects,479070799.93,121,3959262.809338843,497500.0,143480000.0,0.0,47.907079993,0.3959262809338843,0.029598825831702542,0.03464720251368447
FY 2024-25,Haryana,"Poverty, Eradicating Hunger, Malnutrition",476960885.25,287,1661884.6175958188,500000.0,29116878.0,0.0,47.696088525,0.16618846175958188,0.0702054794520548,0.03449460995071625
FY 2024-25,Haryana,Animal welfare,346565398.85,202,1715670.2913366337,500000.0,27070223.000000004,1.0,34.656539885,0.17156702913366337,0.04941291585127201,0.025064190011051136
FY 2024-25,Haryana,Special education,305378260.15999997,73,4183263.837808219,1200000.0,63264380.16,26000.0,30.537826015999997,0.4183263837808219,0.017857142857142856,0.022085467168080637
FY 2024-25,Haryana,Conservation of natural resources,216818123.0,47,4613151.55319149,1406269.0,40094185.0,0.0,21.6818123,0.46131515531914896,0.01149706457925636,0.015680649743869998
FY 2024-25,Haryana,Senior Citizens Welfare,195321455.0,76,2570019.1447368423,535700.0,69993931.0,0.0,19.5321455,0.2570019144736842,0.018590998043052837,0.01412597471530581
FY 2024-25,Haryana,Women empowerment,166443310.0,64,2600676.71875,1169000.0,48300000.0,0.0,16.644331,0.260067671875,0.015655577299412915,0.012037458908914061
FY 2024-25,Haryana,Sanitation,138600724.85,93,1490330.3747311828,806099.0499999999,15538776.0,0.0,13.860072485,0.14903303747311827,0.022749510763209392,0.010023836525046148
FY 2024-25,Haryana,Safe drinking water,67623656.19,62,1090704.1320967742,203500.0,18209000.0,10000.0,6.762365619,0.10907041320967742,0.015166340508806261,0.0048906560597578655
FY 2024-25,Haryana,Socio-economic equalities,67179805.39,39,1722559.1125641025,475000.0,38860266.0,25000.0,6.717980539,0.17225591125641024,0.009540117416829745,0.004858556026619324
FY 2024-25,Haryana,Art and culture,56719134.0,33,1718761.6363636365,300000.0,19424350.0,0.0,5.6719134,0.17187616363636365,0.008072407045009784,0.004102022754018713
FY 2024-25,Haryana,Agro forestry,32454920.0,11,2950447.272727273,409015.0,17120000.0,0.0,3.245492,0.2950447272727273,0.0026908023483365948,0.002347194164139689
FY 2024-25,Haryana,Gender equality,31017919.71,23,1348605.2047826087,600000.0,9070378.0,12400.0,3.101791971,0.13486052047826086,0.005626223091976516,0.0022432678967338523
FY 2024-25,Haryana,Setting up orphanage,20171519.95,22,916887.2704545454,554901.0,4000000.0,8246.0,2.017151995,0.09168872704545454,0.0053816046966731895,0.0014588381024654292
FY 2024-25,Haryana,Setting up homes and hostels for women,10690402.0,12,890866.8333333334,696238.5,2773597.0,72750.0,1.0690402,0.08908668333333333,0.0029354207436399216,0.000773147775027862
FY 2024-25,Haryana,"Armed Forces, Veterans, War Widows/ Dependants",9437882.55,3,3145960.85,4500000.0,4927882.55,10000.0,0.9437882550000001,0.314596085,0.0007338551859099804,0.0006825634709065932
FY 2024-25,Haryana,Slum area development,2760000.0,1,2760000.0,2760000.0,2760000.0,2760000.0,0.276,0.276,0.0002446183953033268,0.00019960782195813583
FY 2024-25,Himachal Pradesh,Education,717242653.44,260,2758625.5901538464,600000.0,76757746.0,0.0,71.724265344,0.27586255901538465,0.2813852813852814,0.31860569397267935
FY 2024-25,Himachal Pradesh,Health care,466493313.4,231,2019451.5731601731,420000.0,50000000.0,0.0,46.649331339999996,0.2019451573160173,0.25,0.20722056215784554
FY 2024-25,Himachal Pradesh,Environmental sustainability,261171699.62,89,2934513.4788764045,720000.0,42939198.0,0.0,26.117169962000002,0.29345134788764043,0.09632034632034632,0.11601483849902569
FY 2024-25,Himachal Pradesh,Rural development projects,211492750.67000002,123,1719453.2574796749,386635.00000000006,24999133.0,0.0,21.149275067,0.17194532574796748,0.1331168831168831,0.09394699865412148
FY 2024-25,Himachal Pradesh,Livelihood enhancement projects,126270095.0,21,6012861.666666667,4845530.0,14869296.0,50156.0,12.6270095,0.6012861666666667,0.022727272727272728,0.05609032180743914
FY 2024-25,Himachal Pradesh,Vocational skills,95860780.91,37,2590831.9164864863,937866.0,14758263.0,0.0,9.586078091,0.2590831916486486,0.04004329004329004,0.042582228594619485
FY 2024-25,Himachal Pradesh,Training to promote sports,93352131.68,36,2593114.768888889,223268.0,47787109.35,5100.0,9.335213168000001,0.2593114768888889,0.03896103896103896,0.041467863846476355
FY 2024-25,Himachal Pradesh,Art and culture,73942428.88,23,3214888.2121739127,178174.0,42388814.0,10000.0,7.394242888,0.32148882121739125,0.024891774891774892,0.03284589776465189
FY 2024-25,Himachal Pradesh,Women empowerment,72568798.0,28,2591742.785714286,1775000.0,12500000.0,51000.00000000001,7.2568798,0.2591742785714286,0.030303030303030304,0.0322357184652395
FY 2024-25,Himachal Pradesh,"Poverty, Eradicating Hunger, Malnutrition",51733819.82,23,2249296.5139130433,500000.0,33102301.95,30000.0,5.173381982,0.22492965139130433,0.024891774891774892,0.022980632128548516
FY 2024-25,Himachal Pradesh,Gender equality,36088134.0,7,5155447.714285715,3500000.0,17342004.0,3510.0,3.6088134,0.5155447714285715,0.007575757575757576,0.016030676538969786
FY 2024-25,Himachal Pradesh,Sanitation,13100878.0,13,1007759.8461538461,505188.0,5362916.0,0.0,1.3100878,0.10077598461538462,0.01406926406926407,0.0058195288677022035
FY 2024-25,Himachal Pradesh,Conservation of natural resources,10773014.0,4,2693253.5,2244007.0,5335000.0,950000.0,1.0773014,0.26932535,0.004329004329004329,0.004785470558932004
FY 2024-25,Himachal Pradesh,Safe drinking water,9456374.0,11,859670.3636363636,401993.0,3668000.0,0.0,0.9456374,0.08596703636363637,0.011904761904761904,0.004200607125475755
FY 2024-25,Himachal Pradesh,Special education,4722020.5,4,1180505.125,181617.75,4292421.0,66364.0,0.47220205,0.1180505125,0.004329004329004329,0.002097564347491183
FY 2024-25,Himachal Pradesh,Animal welfare,2383000.0,6,397166.6666666667,363500.0,750000.0,200000.0,0.2383,0.03971666666666667,0.006493506493506494,0.0010585502202016042
FY 2024-25,Himachal Pradesh,"Armed Forces, Veterans, War Widows/ Dependants",1455278.0,2,727639.0,727639.0,1155278.0,300000.0,0.1455278,0.0727639,0.0021645021645021645,0.0006464476908747587
FY 2024-25,Himachal Pradesh,Slum area development,1210265.0,2,605132.5,605132.5,921344.0,288921.0,0.1210265,0.06051325,0.0021645021645021645,0.0005376106933496829
FY 2024-25,Himachal Pradesh,Senior Citizens Welfare,799857.0000000001,1,799857.0000000001,799857.0000000001,799857.0000000001,799857.0000000001,0.0799857,0.0799857,0.0010822510822510823,0.0003553037362483402
FY 2024-25,Himachal Pradesh,Socio-economic equalities,694061.0,2,347030.5,347030.5,413000.00000000006,281061.0,0.0694061,0.03470305,0.0021645021645021645,0.00030830819319485755
FY 2024-25,Himachal Pradesh,Setting up orphanage,380848.0,1,380848.0,380848.0,380848.0,380848.0,0.0380848,0.0380848,0.0010822510822510823,0.00016917613691285797
FY 2024-25,Jammu and Kashmir,Environmental sustainability,942030555.09,47,20043203.299787235,1228026.0,426388427.8,0.0,94.20305550900001,2.0043203299787233,0.1,0.4238090960025148
FY 2024-25,Jammu and Kashmir,Education,383404792.08,117,3276964.0348717947,630000.0,39538056.0,0.0,38.340479208,0.3276964034871795,0.24893617021276596,0.1724895625269107
FY 2024-25,Jammu and Kashmir,Health care,337574224.85,91,3709606.8664835165,1757428.0,45500697.0,0.0,33.757422485,0.37096068664835163,0.19361702127659575,0.1518708987669299
FY 2024-25,Jammu and Kashmir,Livelihood enhancement projects,178962591.15,30,5965419.705,1012248.0,28052964.0,15000.0,17.896259115,0.5965419705,0.06382978723404255,0.08051328437675036
FY 2024-25,Jammu and Kashmir,Rural development projects,132738643.58000001,42,3160443.894761905,1013281.5,48041584.00000001,0.0,13.273864358,0.3160443894761905,0.08936170212765958,0.05971764316590053
FY 2024-25,Jammu and Kashmir,"Poverty, Eradicating Hunger, Malnutrition",81965380.0,29,2826392.4137931033,367681.0,48436532.0,50000.0,8.196538,0.28263924137931035,0.06170212765957447,0.03687531515151738
FY 2024-25,Jammu and Kashmir,Vocational skills,52769441.3,23,2294323.5347826085,855948.98,22356140.0,0.0,5.2769441299999995,0.22943235347826085,0.04893617021276596,0.023740386225342906
FY 2024-25,Jammu and Kashmir,Art and culture,26043960.0,8,3255495.0,255000.0,19910888.0,0.0,2.604396,0.3255495,0.01702127659574468,0.011716888676579218
FY 2024-25,Jammu and Kashmir,Special education,18733980.52,12,1561165.0433333332,764349.5,7473651.52,55000.0,1.873398052,0.15611650433333332,0.02553191489361702,0.008428210004240662
FY 2024-25,Jammu and Kashmir,Conservation of natural resources,15195331.0,3,5065110.333333333,622196.0,14473135.0,100000.0,1.5195331,0.5065110333333332,0.006382978723404255,0.006836210842390065
FY 2024-25,Jammu and Kashmir,Sanitation,12230935.66,12,1019244.6383333333,382110.5,3600000.0,45000.0,1.223093566,0.10192446383333333,0.02553191489361702,0.005502562265439778
FY 2024-25,Jammu and Kashmir,Animal welfare,10233333.0,8,1279166.625,750000.0,5000000.0,50000.0,1.0233333,0.1279166625,0.01702127659574468,0.004603862989782062
FY 2024-25,Jammu and Kashmir,Safe drinking water,6807099.0,4,1701774.75,731399.5,5310000.0,34300.0,0.6807099,0.170177475,0.00851063829787234,0.0030624383232601233
FY 2024-25,Jammu and Kashmir,Women empowerment,5655363.0,10,565536.3,244878.5,1929522.0,0.0,0.5655363,0.05655363000000001,0.02127659574468085,0.0025442850740304114
FY 2024-25,Jammu and Kashmir,"Armed Forces, Veterans, War Widows/ Dependants",4285710.0,5,857142.0,240000.0,2945200.0,0.0,0.428571,0.0857142,0.010638297872340425,0.0019280933840361573
FY 2024-25,Jammu and Kashmir,Setting up homes and hostels for women,3656057.0,3,1218685.6666666667,1706500.0,1714557.0,235000.0,0.3656057,0.12186856666666668,0.006382978723404255,0.0016448194846032701
FY 2024-25,Jammu and Kashmir,Training to promote sports,3215849.0,6,535974.8333333334,455974.5,1344900.0,59000.0,0.3215849,0.053597483333333334,0.01276595744680851,0.0014467747889986239
FY 2024-25,Jammu and Kashmir,Socio-economic equalities,2654770.0,6,442461.6666666667,225000.0,997570.0,50000.0,0.265477,0.04424616666666667,0.01276595744680851,0.0011943515714170276
FY 2024-25,Jammu and Kashmir,Agro forestry,1861000.0,2,930500.0,930500.0,1799000.0,62000.0,0.1861,0.09305,0.00425531914893617,0.0008372432543712218
FY 2024-25,Jammu and Kashmir,Setting up orphanage,1395300.0,4,348825.0,262000.0,671300.0,200000.0,0.13953,0.0348825,0.00851063829787234,0.0006277299907706426
FY 2024-25,Jammu and Kashmir,Senior Citizens Welfare,808823.0,5,161764.6,150000.0,300000.0,50000.0,0.0808823,0.01617646,0.010638297872340425,0.0003638804947502927
FY 2024-25,Jammu and Kashmir,Gender equality,547830.0,3,182610.0,100000.0,397830.0,50000.0,0.054783,0.018261,0.006382978723404255,0.00024646263946382935
FY 2024-25,Jharkhand,Health care,2049191655.08,418,4902372.380574162,899157.725,293779089.28,0.0,204.919165508,0.4902372380574162,0.2035053554040896,0.24336028394097797
FY 2024-25,Jharkhand,Education,1646241550.21,538,3059928.5319888475,750000.0,266528955.0,0.0,164.624155021,0.30599285319888475,0.2619279454722493,0.19550626711824123
FY 2024-25,Jharkhand,Vocational skills,840026206.47,135,6222416.344222222,1214261.0,156161000.0,0.0,84.002620647,0.6222416344222222,0.06572541382667965,0.09976080842297834
FY 2024-25,Jharkhand,Rural development projects,689542962.38,140,4925306.874142857,981368.0,147744223.0,0.0,68.954296238,0.49253068741428574,0.06815968841285297,0.08188954444465993
FY 2024-25,Jharkhand,Training to promote sports,668857472.61,83,8058523.766385542,472891.0,229737753.0,5858.0,66.885747261,0.8058523766385542,0.04040895813047712,0.07943295301193283
FY 2024-25,Jharkhand,Livelihood enhancement projects,480360159.22,138,3480870.7189855073,1055534.5,38700000.0,1530.0,48.036015922000004,0.3480870718985507,0.06718597857838364,0.05704717001550976
FY 2024-25,Jharkhand,Art and culture,356580638.44,46,7751753.009565217,674045.0,134306996.0,1501.0,35.658063844,0.7751753009565218,0.022395326192794548,0.042347217842454966
FY 2024-25,Jharkhand,Conservation of natural resources,292490029.40999997,35,8356857.9831428565,931698.0,48783629.0,0.0,29.249002940999997,0.8356857983142857,0.017039922103213243,0.034735870815530784
FY 2024-25,Jharkhand,Environmental sustainability,289632082.5,86,3367814.9127906975,943625.0,49340000.0,0.0,28.96320825,0.33678149127906976,0.04186952288218111,0.034396463435171
FY 2024-25,Jharkhand,Special education,257535236.64999998,22,11706147.120454544,1130000.0,222085798.0,101000.0,25.753523664999996,1.1706147120454544,0.010710808179162609,0.03058466891595075
FY 2024-25,Jharkhand,"Poverty, Eradicating Hunger, Malnutrition",231290955.66,99,2336272.2793939393,800000.0,21281185.0,4000.0,23.129095566,0.23362722793939392,0.048198636806231744,0.027467920095643916
FY 2024-25,Jharkhand,Safe drinking water,194505092.42,136,1430184.5030882352,607971.385,16736807.0,0.0,19.450509242,0.1430184503088235,0.06621226874391431,0.02309926180011182
FY 2024-25,Jharkhand,Animal welfare,167280706.24,52,3216936.6584615386,375000.0,130000000.0,40000.0,16.728070624,0.3216936658461539,0.02531645569620253,0.019866116508670068
FY 2024-25,Jharkhand,Women empowerment,89575907.00999999,47,1905870.3619148934,46000.0,34164000.0,1375.0,8.957590700999999,0.19058703619148934,0.022882181110029213,0.010637959660914782
FY 2024-25,Jharkhand,Sanitation,88719300.36,35,2534837.153142857,494017.29,56584723.0,0.0,8.871930036,0.2534837153142857,0.017039922103213243,0.010536229772910924
FY 2024-25,Jharkhand,Socio-economic equalities,27525889.259999998,12,2293824.105,1312370.795,11419400.0,4500.0,2.7525889259999996,0.2293824105,0.005842259006815969,0.003268951544593324
FY 2024-25,Jharkhand,Senior Citizens Welfare,13616320.81,11,1237847.3463636364,700000.0000000001,6042659.0,45100.0,1.361632081,0.12378473463636365,0.005355404089581304,0.0016170628502894632
FY 2024-25,Jharkhand,Slum area development,12727438.0,4,3181859.5,912982.0,10898074.0,3400.0000000000005,1.2727438,0.31818595,0.0019474196689386564,0.0015114998725681776
FY 2024-25,Jharkhand,Gender equality,7779270.83,8,972408.85375,346307.67000000004,3989436.48,20000.0,0.777927083,0.097240885375,0.0038948393378773127,0.0009238596855249533
FY 2024-25,Jharkhand,Setting up homes and hostels for women,5093751.5,3,1697917.1666666667,1692751.94,3391999.56,9000.0,0.50937515,0.16979171666666668,0.0014605647517039922,0.000604929660089011
FY 2024-25,Jharkhand,"Armed Forces, Veterans, War Widows/ Dependants",4485413.0,2,2242706.5,2242706.5,3640000.0,845413.0,0.4485413,0.22427065,0.0009737098344693282,0.000532683889555435
FY 2024-25,Jharkhand,Agro forestry,3709000.0,2,1854500.0,1854500.0,3509000.0,200000.0,0.3709,0.18545,0.0009737098344693282,0.0004404777322313706
FY 2024-25,Jharkhand,Setting up orphanage,3635921.27,2,1817960.635,1817960.635,2872500.0,763421.2699999999,0.363592127,0.1817960635,0.0009737098344693282,0.00043179896348918975
FY 2024-25,Karnataka,Education,12812199562.33,4478,2861143.269836981,722612.0,543492598.09,0.0,1281.219956233,0.2861143269836981,0.42975047984644915,0.3817394165671693
FY 2024-25,Karnataka,Health care,6479202882.49,1644,3941120.974750608,700000.0000000001,900000000.0,0.0,647.920288249,0.3941120974750608,0.15777351247600768,0.1930478147916276
FY 2024-25,Karnataka,Environmental sustainability,4297862278.059999,684,6283424.383128654,1000000.0,1020671100.0,0.0,429.78622780599994,0.6283424383128654,0.06564299424184261,0.1280547832970455
FY 2024-25,Karnataka,Livelihood enhancement projects,1546563430.83,352,4393646.1103125,781302.0,433155346.0,0.0,154.656343083,0.43936461103125,0.03378119001919386,0.04607984904520156
FY 2024-25,Karnataka,Vocational skills,1502309098.03,350,4292311.708657143,1446641.9849999999,171498000.0,0.0,150.230909803,0.4292311708657143,0.03358925143953935,0.044761291439112484
FY 2024-25,Karnataka,"Poverty, Eradicating Hunger, Malnutrition",1436417317.6,714,2011788.9602240894,600000.0,70000000.0,0.0,143.64173176,0.20117889602240893,0.06852207293666027,0.04279804619807864
FY 2024-25,Karnataka,Rural development projects,1215366844.15,339,3585152.9325958705,600000.0,429557989.0,0.0,121.53668441500001,0.35851529325958703,0.03253358925143954,0.03621184853887253
FY 2024-25,Karnataka,Training to promote sports,1124855920.19,249,4517493.655381527,864999.9999999999,90000000.0,0.0,112.48559201900001,0.4517493655381527,0.023896353166986566,0.03351507604970265
FY 2024-25,Karnataka,Women empowerment,590794253.9,205,2881923.1897560973,600000.0,238793906.43,0.0,59.07942539,0.2881923189756097,0.019673704414587333,0.017602711595135954
FY 2024-25,Karnataka,Art and culture,494192481.93,195,2534320.420153846,500000.0,50000000.0,0.0,49.419248193,0.2534320420153846,0.01871401151631478,0.014724462322496915
FY 2024-25,Karnataka,Special education,453970690.87,257,1766422.9216731517,583628.0,38806750.0,0.0,45.397069087,0.17664229216731517,0.024664107485604606,0.013526054275710396
FY 2024-25,Karnataka,Sanitation,309237674.46999997,140,2208840.5319285714,695005.07,45000000.0,0.0,30.923767446999996,0.22088405319285714,0.013435700575815739,0.009213734835964264
FY 2024-25,Karnataka,Conservation of natural resources,302691644.44,89,3401029.7128089885,1058500.0,49475228.0,0.0,30.269164444,0.34010297128089884,0.00854126679462572,0.00901869590667452
FY 2024-25,Karnataka,Safe drinking water,243953840.24,156,1563806.6682051283,292561.995,60558357.0,0.0,24.395384024000002,0.15638066682051283,0.014971209213051824,0.007268603348666713
FY 2024-25,Karnataka,Senior Citizens Welfare,214457506.33,101,2123341.6468316833,435640.0,81751000.0,0.0,21.445750633000003,0.21233416468316835,0.009692898272552783,0.006389760239574046
FY 2024-25,Karnataka,Animal welfare,185186240.81,196,944827.7592346938,500000.0,9500000.0,0.0,18.518624081,0.09448277592346939,0.018809980806142036,0.00551762304194243
FY 2024-25,Karnataka,Gender equality,138237039.83,66,2094500.6034848487,614000.0,28658449.0,0.0,13.823703983000001,0.20945006034848487,0.006333973128598848,0.004118771853025993
FY 2024-25,Karnataka,Socio-economic equalities,111340686.0,90,1237118.7333333334,500000.0,28860558.0,0.0,11.1340686,0.12371187333333333,0.008637236084452975,0.0033173951363351124
FY 2024-25,Karnataka,Slum area development,32775447.0,14,2341103.3571428573,1149850.0,14643593.0,19978.0,3.2775447,0.23411033571428572,0.001343570057581574,0.0009765442658491366
FY 2024-25,Karnataka,Setting up homes and hostels for women,27440728.2,30,914690.94,603987.5,3486949.87,0.0,2.74407282,0.091469094,0.0028790786948176585,0.0008175963480966316
FY 2024-25,Karnataka,Setting up orphanage,17346593.45,41,423087.6451219512,200000.0,3500000.0,8191.0,1.7346593449999999,0.04230876451219512,0.0039347408829174665,0.0005168416578914604
FY 2024-25,Karnataka,"Armed Forces, Veterans, War Widows/ Dependants",14424831.59,15,961655.4393333333,500000.0,5374754.000000001,0.0,1.442483159,0.09616554393333333,0.0014395393474088292,0.000429787779097383
FY 2024-25,Karnataka,Agro forestry,11857410.0,15,790494.0,540000.0,3000000.0,13000.0,1.185741,0.0790494,0.0014395393474088292,0.000353291466728805
FY 2024-25,Kerala,Health care,2104317832.47,834,2523162.8686690647,500000.0,293220424.0,0.0,210.431783247,0.2523162868669065,0.2925289372150123,0.34663608931947876
FY 2024-25,Kerala,Education,1810673974.27,758,2388751.9449472297,300000.0,324708133.00000006,0.0,181.067397427,0.23887519449472297,0.2658716239915819,0.2982652790319208
FY 2024-25,Kerala,Environmental sustainability,502044539.14,210,2390688.2816190477,526465.5,31573025.0,0.0,50.204453914,0.23906882816190478,0.07365836548579446,0.08269984363883899
FY 2024-25,Kerala,Rural development projects,367584366.15999997,120,3063203.051333333,520425.0,39695030.0,0.0,36.758436616,0.3063203051333333,0.04209049456331112,0.06055074248509381
FY 2024-25,Kerala,Livelihood enhancement projects,196106843.18,89,2203447.6761797755,500000.0,51045507.0,0.0,19.610684318,0.22034476761797755,0.031217116801122415,0.03230391728844156
FY 2024-25,Kerala,"Poverty, Eradicating Hunger, Malnutrition",193318092.83,165,1171624.805030303,250000.0,29862444.0,5000.0,19.331809283000002,0.11716248050303031,0.05787443002455279,0.03184453729341597
FY 2024-25,Kerala,Agro forestry,121261133.0,2,60630566.5,60630566.5,120961133.0,300000.0,12.1261133,6.06305665,0.0007015082427218519,0.019974874651055567
FY 2024-25,Kerala,Vocational skills,116458259.22,58,2007901.0210344826,500000.0,20864076.7,5999.999999999999,11.645825922,0.20079010210344828,0.020343739038933707,0.019183715939711993
FY 2024-25,Kerala,Senior Citizens Welfare,105635707.42,85,1242773.0284705881,200000.0,27925547.0,5000.0,10.563570742,0.12427730284705882,0.02981410031567871,0.017400959088763258
FY 2024-25,Kerala,Training to promote sports,93317292.0,70,1333104.1714285715,228000.0,23600000.0,0.0,9.3317292,0.13331041714285716,0.024552788495264818,0.01537179444361575
FY 2024-25,Kerala,Slum area development,69286982.0,3,23095660.666666668,1400177.0,67450000.0,436805.0,6.9286982,2.3095660666666666,0.001052262364082778,0.011413374971516581
FY 2024-25,Kerala,Special education,68522077.23,72,951695.5170833333,380000.0,19470000.0,5000.0,6.852207723,0.09516955170833333,0.02525429673798667,0.011287375184752717
FY 2024-25,Kerala,Socio-economic equalities,66138782.0,68,972629.1470588235,500000.0,6799198.0,0.0,6.6138782,0.09726291470588234,0.023851280252542968,0.010894784234149371
FY 2024-25,Kerala,Setting up homes and hostels for women,51289561.78,52,986337.7265384615,375000.0,11254977.0,1.28,5.128956178,0.09863377265384615,0.01823921431076815,0.008448729960844671
FY 2024-25,Kerala,Gender equality,46932543.82,18,2607363.5455555557,396150.0,20403263.0,0.0,4.693254382,0.26073635455555555,0.006313574184496668,0.007731015344048225
FY 2024-25,Kerala,Women empowerment,46653790.14,70,666482.7162857143,200000.5,9696977.0,867.0000000000001,4.665379014,0.06664827162857143,0.024552788495264818,0.0076850973348826625
FY 2024-25,Kerala,Art and culture,45412195.0,36,1261449.861111111,300000.0,10000000.0,10000.0,4.5412195,0.1261449861111111,0.012627148368993335,0.007480574198117482
FY 2024-25,Kerala,Conservation of natural resources,20474616.560000002,12,1706218.0466666669,1181452.5,5446125.000000001,0.0,2.0474616560000003,0.17062180466666668,0.004209049456331112,0.003372703925786563
FY 2024-25,Kerala,Setting up orphanage,13917987.620000001,24,579916.1508333334,462505.0,1857560.0,0.0,1.391798762,0.05799161508333334,0.008418098912662224,0.0022926559502329837
FY 2024-25,Kerala,Sanitation,11214959.0,49,228876.7142857143,85329.0,2221000.0,0.0,1.1214959,0.02288767142857143,0.017186951946685375,0.0018473965622746364
FY 2024-25,Kerala,Safe drinking water,10550128.5,44,239775.64772727274,46400.0,6523000.0,9000.0,1.05501285,0.023977564772727274,0.015433181339880744,0.0017378816206511025
FY 2024-25,Kerala,Animal welfare,9121388.16,11,829217.1054545455,250000.0,5931999.999999999,0.0,0.912138816,0.08292171054545455,0.003858295334970186,0.0015025307832116526
FY 2024-25,Kerala,"Armed Forces, Veterans, War Widows/ Dependants",450000.0,1,450000.0,450000.0,450000.0,450000.0,0.045,0.045,0.00035075412136092597,7.41267491948554e-05
FY 2024-25,Ladakh,Health care,113818145.0,20,5690907.25,1710599.5,41458741.0,0.0,11.3818145,0.569090725,0.24691358024691357,0.44497488407114527
FY 2024-25,Ladakh,Education,65018904.55,23,2826908.893478261,2013992.0,9000000.0,0.0,6.501890455,0.2826908893478261,0.2839506172839506,0.25419303323357717
FY 2024-25,Ladakh,Environmental sustainability,39219724.0,9,4357747.111111111,1914000.0,26737724.0,0.0,3.9219724,0.4357747111111111,0.1111111111111111,0.15333049172609792
FY 2024-25,Ladakh,Vocational skills,11737042.73,4,2934260.6825,586126.365,10562190.0,2599.9999999999995,1.173704273,0.29342606825,0.04938271604938271,0.045886262055314896
FY 2024-25,Ladakh,"Poverty, Eradicating Hunger, Malnutrition",9992100.0,2,4996050.0,4996050.0,9000000.0,992100.0,0.99921,0.499605,0.024691358024691357,0.03906436481746641
FY 2024-25,Ladakh,Art and culture,3492450.0,4,873112.5,513725.0,2465000.0,0.0,0.349245,0.08731125,0.04938271604938271,0.013653820608957134
FY 2024-25,Ladakh,Livelihood enhancement projects,3413100.0,1,3413100.0,3413100.0,3413100.0,3413100.0,0.34131,0.34131,0.012345679012345678,0.013343599799691217
FY 2024-25,Ladakh,Sanitation,2500000.0,1,2500000.0,2500000.0,2500000.0,2500000.0,0.25,0.25,0.012345679012345678,0.009773812516254443
FY 2024-25,Ladakh,Special education,2304680.0,1,2304680.0,2304680.0,2304680.0,2304680.0,0.230468,0.230468,0.012345679012345678,0.009010204091984516
FY 2024-25,Ladakh,Training to promote sports,1610721.189999999,6,268453.5316666665,114175.055,1000000.0,40163.00000000001,0.1610721189999999,0.02684535316666665,0.07407407407407407,0.0062971547708072974
FY 2024-25,Ladakh,Safe drinking water,1109615.5,4,277403.875,323511.5,435886.0,26706.5,0.11096155,0.0277403875,0.04938271604938271,0.004338069544851973
FY 2024-25,Ladakh,Rural development projects,1049066.0,5,209813.2,250000.0,481721.0,0.0,0.1049066,0.02098132,0.06172839506172839,0.004101349760470794
FY 2024-25,Ladakh,Women empowerment,520000.0,1,520000.0,520000.0,520000.0,520000.0,0.052,0.052,0.012345679012345678,0.0020329530033809246
FY 2024-25,Lakshadweep,Health care,5670000.0,2,2835000.0,2835000.0,3900000.0,1770000.0,0.567,0.2835,1.0,1.0
FY 2024-25,MAHARASHTRA,Health care,50000.0,1,50000.0,50000.0,50000.0,50000.0,0.005,0.005,1.0,1.0
FY 2024-25,Madhya Pradesh,Education,3089163695.4,784,3940259.8155612247,615884.5,358168000.0,0.0,308.91636954,0.39402598155612245,0.29015544041450775,0.2599970694535011
FY 2024-25,Madhya Pradesh,Health care,2344294480.82,593,3953279.057032041,840000.0,264992000.0,0.0,234.42944808200002,0.3953279057032041,0.21946706143597336,0.19730572900905938
FY 2024-25,Madhya Pradesh,Rural development projects,2251402963.2,178,12648331.253932584,969282.5,1241714041.35,0.0,225.14029631999998,1.2648331253932583,0.06587712805329386,0.1894875863854581
FY 2024-25,Madhya Pradesh,Environmental sustainability,2074667190.27,228,9099417.50118421,871990.0,729372779.43,0.0,207.466719027,0.909941750118421,0.0843819393042191,0.17461275696226386
FY 2024-25,Madhya Pradesh,Livelihood enhancement projects,599597514.58,125,4796780.116640001,500000.0,138130099.0,0.0,59.95975145800001,0.47967801166400004,0.0462620281273131,0.050464660346274406
FY 2024-25,Madhya Pradesh,"Poverty, Eradicating Hunger, Malnutrition",432707912.29,179,2417362.6384916203,350699.99999999994,65889865.0,5000.0,43.270791229000004,0.24173626384916203,0.06624722427831237,0.03641852624782164
FY 2024-25,Madhya Pradesh,Vocational skills,287788930.02,93,3094504.6238709674,1133046.67,25000000.0,0.0,28.778893001999997,0.3094504623870967,0.03441894892672095,0.024221532364172783
FY 2024-25,Madhya Pradesh,Animal welfare,149309712.31,91,1640766.0693406593,500000.0,14876954.0,10250.0,14.930971231000001,0.16407660693406592,0.03367875647668394,0.012566536276258653
FY 2024-25,Madhya Pradesh,Conservation of natural resources,104797932.86,43,2437161.2293023258,748048.0,20401000.0,0.0,10.479793286,0.24371612293023256,0.015914137675795706,0.008820236839167135
FY 2024-25,Madhya Pradesh,Gender equality,88261957.2,21,4202950.342857143,1994718.24,36792530.0,100000.0,8.82619572,0.4202950342857143,0.007772020725388601,0.0074284992570647634
FY 2024-25,Madhya Pradesh,Women empowerment,84618131.71000001,56,1511038.0662500001,921955.5,10000000.0,0.0,8.461813171000001,0.151103806625,0.02072538860103627,0.007121819507328389
FY 2024-25,Madhya Pradesh,Art and culture,77752351.0,56,1388434.8392857143,351750.0,13750000.0,0.0,7.7752351,0.13884348392857143,0.02072538860103627,0.006543966392335323
FY 2024-25,Madhya Pradesh,Special education,67635439.96,47,1439051.9140425532,300000.0,10956769.0,500.0,6.763543995999999,0.1439051914042553,0.017394522575869726,0.0056924844115524365
FY 2024-25,Madhya Pradesh,Safe drinking water,66509458.37,52,1279028.045576923,314414.9849999995,12598596.0,8.11,6.650945837,0.12790280455769232,0.01924500370096225,0.005597717043253203
FY 2024-25,Madhya Pradesh,Sanitation,61169211.13,44,1390209.3438636365,579039.5,9500180.0,0.0,6.116921113,0.13902093438636365,0.01628423390081421,0.005148259271033281
FY 2024-25,Madhya Pradesh,Training to promote sports,25365700.9,43,589900.0209302325,201000.0,3989322.0,0.0,2.5365700899999997,0.05899000209302325,0.015914137675795706,0.002134884567125563
FY 2024-25,Madhya Pradesh,Senior Citizens Welfare,24723789.61,27,915695.9114814815,545750.0,3240000.0,2660.0,2.472378961,0.09156959114814815,0.00999259807549963,0.002080858600648735
FY 2024-25,Madhya Pradesh,Socio-economic equalities,20689460.0,20,1034473.0,75500.0,16000000.0,0.0,2.068946,0.1034473,0.007401924500370096,0.0017413123741501523
FY 2024-25,Madhya Pradesh,Agro forestry,15200000.0,3,5066666.666666667,5000000.0,5699999.999999999,4500000.0,1.52,0.5066666666666667,0.0011102886750555144,0.00127929622557004
FY 2024-25,Madhya Pradesh,Setting up homes and hostels for women,14279002.0,6,2379833.6666666665,1800000.0,6179400.0,79352.0,1.4279002,0.23798336666666664,0.0022205773501110288,0.00120178114233599
FY 2024-25,Madhya Pradesh,Slum area development,582700.0,5,116540.0,21800.0,500000.0,2599.9999999999995,0.05827,0.011654,0.001850481125092524,4.904249412103041e-05
FY 2024-25,Madhya Pradesh,"Armed Forces, Veterans, War Widows/ Dependants",507715.539999999,7,72530.79142857129,66415.539999999,151000.0,15000.0,0.0507715539999999,0.007253079142857129,0.0025906735751295338,4.273148513060877e-05
FY 2024-25,Madhya Pradesh,Setting up orphanage,507500.00000000006,1,507500.00000000006,507500.00000000006,507500.00000000006,507500.00000000006,0.05075,0.05075,0.0003700962250185048,4.271334437347338e-05
FY 2024-25,Maharashtra,Education,40000845730.22,8391,4767113.065215112,750000.0,6500000000.0,0.0,4000.0845730220003,0.47671130652151117,0.3668517466007957,0.4690600494693636
FY 2024-25,Maharashtra,Health care,19986299643.28,5361,3728091.707382951,764914.0,982050000.0,0.0,1998.629964328,0.3728091707382951,0.23438114807852053,0.23436441225801252
FY 2024-25,Maharashtra,Vocational skills,4090959591.16,751,5447349.655339547,1468100.0,412826968.87,0.0,409.09595911599996,0.5447349655339547,0.03283347177895335,0.047971628428770306
FY 2024-25,Maharashtra,Environmental sustainability,4036728322.27,1396,2891639.1993338107,855329.0,143600000.0,0.0,403.672832227,0.2891639199333811,0.06103265859310104,0.047335698832683994
FY 2024-25,Maharashtra,Rural development projects,2940224991.6,767,3833409.3762711864,761918.2,112850000.0,0.0,294.02249916,0.3833409376271186,0.033532986490622134,0.03447782302685254
FY 2024-25,Maharashtra,Livelihood enhancement projects,2678656270.17,746,3590692.05116622,600000.0,265190000.0,0.0,267.865627017,0.359069205116622,0.032614873431556855,0.03141060194255175
FY 2024-25,Maharashtra,"Poverty, Eradicating Hunger, Malnutrition",2500733558.82,1248,2003792.915721154,500000.0,126200000.0,0.0,250.07335588200002,0.2003792915721154,0.054562147510164825,0.029324235160448835
FY 2024-25,Maharashtra,Training to promote sports,1364201341.1,529,2578830.51247637,500000.0,81029047.99999999,0.0,136.42013411,0.257883051247637,0.02312770515454903,0.01599697048552925
FY 2024-25,Maharashtra,Art and culture,1124933914.84,379,2968163.363693931,500000.0,210000000.0,0.0,112.49339148399999,0.29681633636939314,0.01656975473265422,0.013191260037434042
FY 2024-25,Maharashtra,Special education,1061229291.3,522,2033006.3051724136,600000.0,60101514.0,0.0,106.12292912999999,0.20330063051724137,0.02282166746819394,0.012444243485068382
FY 2024-25,Maharashtra,Conservation of natural resources,917206295.61,239,3837683.2452301257,1274946.0000000002,81021785.00000001,0.0,91.720629561,0.38376832452301257,0.010449001005552398,0.010755393355781235
FY 2024-25,Maharashtra,Animal welfare,907505281.02,630,1440484.573047619,400000.0,100000000.0,0.0,90.750528102,0.1440484573047619,0.027543391771958203,0.010641636801377918
FY 2024-25,Maharashtra,Women empowerment,866866074.19,499,1737206.5615030061,500000.0,51461729.0,0.0,86.68660741900001,0.1737206561503006,0.021816115070170068,0.010165091167952115
FY 2024-25,Maharashtra,Sanitation,510613516.84,212,2408554.324716981,600555.5,99950000.0,0.0,51.061351683999995,0.2408554324716981,0.009268569929611331,0.0059875834397109095
FY 2024-25,Maharashtra,Safe drinking water,487659479.87,192,2539893.124322917,503000.0,65000000.0,0.0,48.765947987,0.25398931243229167,0.008394176540025357,0.0057184185878154
FY 2024-25,Maharashtra,Socio-economic equalities,428634956.7,200,2143174.7835,471790.0,41334467.21,0.0,42.86349567,0.21431747834999998,0.008743933895859748,0.005026282077883825
FY 2024-25,Maharashtra,Gender equality,393884296.81,165,2387177.5564242424,864000.0,40199999.99999999,0.0,39.388429681,0.23871775564242426,0.0072137454640842915,0.004618787037478169
FY 2024-25,Maharashtra,Senior Citizens Welfare,366958897.73,278,1319996.0350000001,500000.0,41400000.0,0.0,36.695889773000005,0.1319996035,0.012154068115245048,0.004303052987512678
FY 2024-25,Maharashtra,Setting up orphanage,203597663.87,156,1305113.2299358975,372249.5,28000000.0,0.0,20.359766387,0.13051132299358975,0.006820268438770603,0.0023874377789607757
FY 2024-25,Maharashtra,"Armed Forces, Veterans, War Widows/ Dependants",162652335.03,53,3068911.981698113,500000.0,55000000.0,35000.0,16.265233503,0.3068911981698113,0.002317142482402833,0.0019073024813033045
FY 2024-25,Maharashtra,Setting up homes and hostels for women,109483771.15,86,1273067.106395349,515000.0,16359999.999999998,0.0,10.948377115000001,0.1273067106395349,0.0037598915752196913,0.001283834433353343
FY 2024-25,Maharashtra,Agro forestry,103416563.0,47,2200352.404255319,1000000.0,14008860.0,0.0,10.3416563,0.22003524042553188,0.0020548244655270408,0.0012126888137288581
FY 2024-25,Maharashtra,Slum area development,35439104.0,26,1363042.4615384615,300000.0,14700285.0,0.0,3.5439104,0.13630424615384615,0.0011367114064617671,0.0004155679104262403
FY 2024-25,Manipur,Education,153843783.86,37,4157940.1043243245,2393600.0,33407503.0,44000.0,15.384378386000002,0.41579401043243247,0.39361702127659576,0.45607623445744605
FY 2024-25,Manipur,Health care,107218168.67,18,5956564.926111111,2572054.3349999995,26839637.0,0.0,10.721816867,0.5956564926111111,0.19148936170212766,0.31785267760273167
FY 2024-25,Manipur,Training to promote sports,21086888.0,4,5271722.0,5075000.0,9836888.0,1100000.0,2.1086888,0.5271722,0.0425531914893617,0.06251294809686765
FY 2024-25,Manipur,Livelihood enhancement projects,14823626.239999998,5,2964725.2479999997,660493.239999999,9990008.0,0.0,1.4823626239999999,0.29647252479999997,0.05319148936170213,0.0439452506101652
FY 2024-25,Manipur,Rural development projects,13487446.0,10,1348744.6,307036.5,6899999.999999999,0.0,1.3487446,0.13487446,0.10638297872340426,0.039984089248129226
FY 2024-25,Manipur,Environmental sustainability,7866481.8999999985,3,2622160.633333333,1284981.899999999,5500000.0,1081500.0,0.7866481899999999,0.2622160633333333,0.031914893617021274,0.023320509632319793
FY 2024-25,Manipur,"Poverty, Eradicating Hunger, Malnutrition",6516000.0,4,1629000.0,1703000.0,2710000.0,400000.0,0.6516,0.1629,0.0425531914893617,0.01931695041009321
FY 2024-25,Manipur,Women empowerment,3670500.0,1,3670500.0,3670500.0,3670500.0,3670500.0,0.36705,0.36705,0.010638297872340425,0.010881348446937864
FY 2024-25,Manipur,Vocational skills,3555970.829999999,6,592661.8049999998,322046.69,2085764.05,0.0,0.3555970829999999,0.05926618049999998,0.06382978723404255,0.01054182200473419
FY 2024-25,Manipur,Conservation of natural resources,3540000.0,2,1770000.0,1770000.0,3540000.0,0.0,0.354,0.177,0.02127659574468085,0.010494475821321358
FY 2024-25,Manipur,Socio-economic equalities,1200000.0,1,1200000.0,1200000.0,1200000.0,1200000.0,0.12,0.12,0.010638297872340425,0.0035574494309563924
FY 2024-25,Manipur,Special education,500000.0,1,500000.0,500000.0,500000.0,500000.0,0.05,0.05,0.010638297872340425,0.0014822705962318301
FY 2024-25,Manipur,Sanitation,11460.000000000002,2,5730.000000000001,5730.000000000001,11460.000000000002,0.0,0.001146,0.000573,0.02127659574468085,3.397364206563355e-05
FY 2024-25,Meghalaya,Rural development projects,177627704.08,13,13663669.544615386,6924808.0,39179638.0,0.0,17.762770408,1.3663669544615387,0.09352517985611511,0.29051323179348953
FY 2024-25,Meghalaya,Education,140002260.6,38,3684270.0157894734,798500.0,27432723.0,0.0,14.00022606,0.36842700157894737,0.2733812949640288,0.2289761577224588
FY 2024-25,Meghalaya,Health care,87105372.12,25,3484214.8848,1500000.0,18759000.0,0.0,8.710537212,0.34842148848,0.17985611510791366,0.14246236696139883
FY 2024-25,Meghalaya,Training to promote sports,69446206.0,7,9920886.57142857,1720250.0,42183959.0,155000.0,6.9446206,0.9920886571428571,0.050359712230215826,0.11358049041589809
FY 2024-25,Meghalaya,Environmental sustainability,38725443.99,15,2581696.2660000003,1028000.0,15038000.0,150000.0,3.872544399,0.25816962660000004,0.1079136690647482,0.06333614423742016
FY 2024-25,Meghalaya,Livelihood enhancement projects,24414610.5,4,6103652.625,2152442.0,20051726.5,57999.99999999999,2.44146105,0.6103652625,0.02877697841726619,0.039930524554547084
FY 2024-25,Meghalaya,"Poverty, Eradicating Hunger, Malnutrition",22130701.64,10,2213070.164,1753447.3199999998,6156500.0,197715.0,2.213070164,0.2213070164,0.07194244604316546,0.03619515147478496
FY 2024-25,Meghalaya,Agro forestry,22025172.0,1,22025172.0,22025172.0,22025172.0,22025172.0,2.2025172,2.2025172,0.007194244604316547,0.036022555893903074
FY 2024-25,Meghalaya,Vocational skills,10152650.079999998,8,1269081.2599999998,394497.255,4753955.17,0.0,1.0152650079999999,0.12690812599999998,0.05755395683453238,0.016604837636593234
FY 2024-25,Meghalaya,Conservation of natural resources,8000000.0,1,8000000.0,8000000.0,8000000.0,8000000.0,0.8,0.8,0.007194244604316547,0.013084140598367384
FY 2024-25,Meghalaya,Women empowerment,7477415.0,3,2492471.6666666665,877000.0,6400415.0,200000.0,0.7477415,0.24924716666666666,0.02158273381294964,0.012229443646542658
FY 2024-25,Meghalaya,Sanitation,2915282.99,9,323920.33222222223,165000.0,955074.99,0.0,0.29152829900000005,0.03239203322222222,0.06474820143884892,0.004767996565648608
FY 2024-25,Meghalaya,Special education,844468.0,1,844468.0,844468.0,844468.0,844468.0,0.0844468,0.0844468,0.007194244604316547,0.0013811422553527636
FY 2024-25,Meghalaya,Art and culture,518955.0,2,259477.5,259477.5,509970.0,8985.0,0.0518955,0.02594775,0.014388489208633094,0.0008487600230282183
FY 2024-25,Meghalaya,Socio-economic equalities,21000.0,1,21000.0,21000.0,21000.0,21000.0,0.0021,0.0021,0.007194244604316547,3.4345869070714384e-05
FY 2024-25,Meghalaya,Safe drinking water,20000.0,1,20000.0,20000.0,20000.0,20000.0,0.002,0.002,0.007194244604316547,3.271035149591846e-05
FY 2024-25,Mizoram,Education,59528770.93,14,4252055.066428571,868570.0,39542213.0,76063.0,5.952877093,0.4252055066428571,0.2857142857142857,0.404812002820525
FY 2024-25,Mizoram,Health care,27942906.0,20,1397145.3,367085.0,9236854.0,0.0,2.7942906,0.13971453,0.40816326530612246,0.19001944044480654
FY 2024-25,Mizoram,Livelihood enhancement projects,23211566.88,1,23211566.88,23211566.88,23211566.88,23211566.88,2.321156688,2.321156688,0.02040816326530612,0.15784503409862966
FY 2024-25,Mizoram,Rural development projects,16517553.180000002,4,4129388.2950000004,918250.0,14650963.180000002,30090.0,1.6517553180000002,0.41293882950000005,0.08163265306122448,0.11232390119985856
FY 2024-25,Mizoram,Environmental sustainability,15583731.0,4,3895932.75,4027500.0,7032800.0,495931.0,1.5583731,0.389593275,0.08163265306122448,0.10597365373030225
FY 2024-25,Mizoram,Vocational skills,2825209.15,2,1412604.575,1412604.575,2679272.73,145936.42,0.282520915,0.1412604575,0.04081632653061224,0.019212198681931917
FY 2024-25,Mizoram,Sanitation,1293143.0,3,431047.6666666667,252103.00000000003,851040.0,190000.0,0.1293143,0.04310476666666667,0.061224489795918366,0.008793727798931094
FY 2024-25,Mizoram,"Poverty, Eradicating Hunger, Malnutrition",150000.0,1,150000.0,150000.0,150000.0,150000.0,0.015,0.015,0.02040816326530612,0.001020041225015071
FY 2024-25,NEC/Not mentioned,"Poverty, Eradicating Hunger, Malnutrition",2917163.0,1,2917163.0,2917163.0,2917163.0,2917163.0,0.2917163,0.2917163,1.0,1.0
FY 2024-25,Nagaland,Health care,134010102.89,24,5583754.287083333,3545221.5,36133000.0,306962.59,13.401010289,0.5583754287083333,0.34782608695652173,0.5003062750322343
FY 2024-25,Nagaland,Education,53787752.18,19,2830934.325263158,800000.0,19860000.0,0.0,5.378775218,0.2830934325263158,0.2753623188405797,0.20080836709469332
FY 2024-25,Nagaland,Rural development projects,47935557.13,9,5326173.014444444,878518.95,23533644.18,5358.0,4.793555713,0.5326173014444444,0.13043478260869565,0.17896008966570806
FY 2024-25,Nagaland,Environmental sustainability,12192059.0,2,6096029.5,6096029.5,8503798.0,3688261.0,1.2192059,0.60960295,0.028985507246376812,0.045517192299077025
FY 2024-25,Nagaland,"Poverty, Eradicating Hunger, Malnutrition",7855427.0,3,2618475.6666666665,2300000.0,5170887.0,384540.0,0.7855427,0.26184756666666664,0.043478260869565216,0.02932703830832526
FY 2024-25,Nagaland,Vocational skills,7048800.0,3,2349600.0,550000.0,6079000.0,419800.00000000006,0.70488,0.23496,0.043478260869565216,0.02631561945998901
FY 2024-25,Nagaland,Women empowerment,1500000.0,1,1500000.0,1500000.0,1500000.0,1500000.0,0.15,0.15,0.014492753623188406,0.005600021165302394
FY 2024-25,Nagaland,Special education,1188011.0,1,1188011.0,1188011.0,1188011.0,1188011.0,0.1188011,0.1188011,0.014492753623188406,0.004435257829741375
FY 2024-25,Nagaland,Sanitation,697421.29,1,697421.29,697421.29,697421.29,697421.29,0.069742129,0.069742129,0.014492753623188406,0.002603715990088333
FY 2024-25,Nagaland,Training to promote sports,691000.0,1,691000.0,691000.0,691000.0,691000.0,0.0691,0.0691,0.014492753623188406,0.0025797430834826364
FY 2024-25,Nagaland,Socio-economic equalities,500000.0,1,500000.0,500000.0,500000.0,500000.0,0.05,0.05,0.014492753623188406,0.0018666737217674647
FY 2024-25,Nagaland,Safe drinking water,250000.0,2,125000.0,125000.0,150000.0,100000.0,0.025,0.0125,0.028985507246376812,0.0009333368608837324
FY 2024-25,Nagaland,Agro forestry,200000.0,1,200000.0,200000.0,200000.0,200000.0,0.02,0.02,0.014492753623188406,0.0007466694887069858
FY 2024-25,Nagaland,Setting up homes and hostels for women,0.0,1,0.0,0.0,0.0,0.0,0.0,0.0,0.014492753623188406,0.0
FY 2024-25,Odisha,Education,4167876237.3700004,628,6636745.600907644,763491.5,1498300000.0000002,0.0,416.78762373700005,0.6636745600907644,0.21820708825573315,0.2675205835033891
FY 2024-25,Odisha,Health care,2879424657.88,478,6023900.95790795,1112903.5,788856084.48,0.0,287.942465788,0.6023900957907949,0.16608756080611536,0.18481963493142964
FY 2024-25,Odisha,Rural development projects,1885966987.22,326,5785174.807423313,966439.0,159600000.0,0.0,188.596698722,0.5785174807423313,0.113273106323836,0.12105325594015075
FY 2024-25,Odisha,Livelihood enhancement projects,1260235072.58,161,7827547.0346583845,1700000.0000000002,233200000.0,4000.0,126.023507258,0.7827547034658384,0.055941626129256426,0.08088983519836417
FY 2024-25,Odisha,Environmental sustainability,984536836.02,190,5181772.821157895,1005155.5,177108266.0,0.0,98.453683602,0.5181772821157895,0.0660180681028492,0.0631937835608215
FY 2024-25,Odisha,Vocational skills,957521400.99,143,6695953.853076923,1247934.0,155777000.0,0.0,95.752140099,0.6695953853076922,0.04968728283530229,0.061459762555585516
FY 2024-25,Odisha,Training to promote sports,877904631.62,110,7980951.196545455,689445.0,228100000.0,0.0,87.790463162,0.7980951196545455,0.03822098679638638,0.05634945615839814
FY 2024-25,Odisha,"Poverty, Eradicating Hunger, Malnutrition",767670255.54,119,6451010.550756303,650000.0,400000000.0,0.0,76.767025554,0.6451010550756303,0.041348158443363446,0.04927391865883402
FY 2024-25,Odisha,Art and culture,440105257.68,152,2895429.3268421055,460000.0,193878131.0,0.0,44.010525768,0.28954293268421055,0.05281445448227936,0.028248731159962938
FY 2024-25,Odisha,Safe drinking water,421405189.01,235,1793213.5702553191,695390.0,39500000.0,11642.429999999998,42.140518901,0.17932135702553192,0.08165392633773454,0.027048442812315502
FY 2024-25,Odisha,Women empowerment,263200311.73000002,62,4245166.318225807,310683.5,134794000.0,2000.0,26.320031173,0.42451663182258065,0.021542738012508687,0.016893855998160432
FY 2024-25,Odisha,Conservation of natural resources,235884143.96,46,5127916.173043478,1805818.5,62538744.0,0.0,23.588414396,0.5127916173043479,0.015983321751216122,0.01514053206896475
FY 2024-25,Odisha,Sanitation,92591727.32,67,1381966.079402985,393516.0,14734703.0,0.0,9.259172732,0.1381966079402985,0.023280055594162612,0.005943121030835478
FY 2024-25,Odisha,Gender equality,85071394.1,21,4051018.7666666666,1467250.0,33386479.0,8060.02,8.507139409999999,0.40510187666666664,0.007296733842946491,0.005460418614406763
FY 2024-25,Odisha,Slum area development,64180255.5,20,3209012.775,324029.5,40261213.0,0.4,6.41802555,0.32090127749999997,0.006949270326615705,0.00411949357968241
FY 2024-25,Odisha,Senior Citizens Welfare,60914851.0,19,3206044.789473684,450000.0,40000000.0,0.0,6.0914851,0.3206044789473684,0.00660180681028492,0.003909899324127973
FY 2024-25,Odisha,Animal welfare,46814328.03,28,1671940.2867857143,850000.0,11207115.0,111000.0,4.681432803,0.16719402867857144,0.009728978457261988,0.0030048388286134397
FY 2024-25,Odisha,Special education,44301828.5,37,1197346.7162162163,762925.0,6845099.999999999,0.0,4.43018285,0.11973467162162163,0.012856150104239055,0.002843570762567955
FY 2024-25,Odisha,Setting up orphanage,15913300.0,11,1446663.6363636365,799450.0,6152000.0,50000.0,1.59133,0.14466636363636365,0.003822098679638638,0.0010214159583948695
FY 2024-25,Odisha,Agro forestry,12182868.5,4,3045717.125,777124.25,10466173.0,162447.0,1.21828685,0.3045717125,0.001389854065323141,0.0007819733370781777
FY 2024-25,Odisha,Socio-economic equalities,10780592.0,12,898382.6666666666,312500.0,3500000.0,0.0,1.0780592,0.08983826666666667,0.004169562195969423,0.000691966387219751
FY 2024-25,Odisha,Setting up homes and hostels for women,4064803.0,7,580686.1428571428,458394.0,2360000.0,0.0,0.4064803,0.05806861428571428,0.002432244614315497,0.0002609046930511799
FY 2024-25,Odisha,"Armed Forces, Veterans, War Widows/ Dependants",1100000.0,2,550000.0,550000.0,800000.0,300000.0,0.11,0.055,0.0006949270326615705,7.06049376455139e-05
FY 2024-25,PAN India,Education,2558859648.0699997,139,18409062.216330934,5403143.42,699435196.0,0.0,255.88596480699997,1.8409062216330934,0.35279187817258884,0.3867304815888968
FY 2024-25,PAN India,Health care,938849300.95,74,12687152.715540541,4004362.5,252074684.49,0.0,93.884930095,1.2687152715540542,0.18781725888324874,0.14189197229697384
FY 2024-25,PAN India,Vocational skills,822275607.35,33,24917442.6469697,5520000.0,487570091.0,5932.49,82.227560735,2.49174426469697,0.08375634517766498,0.12427373336756334
FY 2024-25,PAN India,Rural development projects,668883602.16,15,44592240.144,21092639.000000004,381403275.0,0.0,66.888360216,4.4592240144,0.03807106598984772,0.10109099879133993
FY 2024-25,PAN India,Environmental sustainability,628846344.53,46,13670572.707173912,4297873.0,116945319.0,101000.0,62.884634453,1.3670572707173911,0.116751269035533,0.09504001122098724
FY 2024-25,PAN India,Livelihood enhancement projects,425681896.01000005,20,21284094.8005,3225000.0,305033403.0,0.0,42.56818960100001,2.12840948005,0.050761421319796954,0.06433497232714132
FY 2024-25,PAN India,Art and culture,102824876.0,3,34274958.666666664,45774738.0,53600138.0,3449999.9999999995,10.2824876,3.4274958666666664,0.007614213197969543,0.015540326271818554
FY 2024-25,PAN India,Women empowerment,86399976.35,11,7854543.304545454,5212393.0,33739141.0,500000.0,8.639997635,0.7854543304545454,0.027918781725888325,0.013057966851877425
FY 2024-25,PAN India,Special education,80266426.0,8,10033303.25,7388000.0,28500000.0,263341.0,8.0266426,1.003330325,0.02030456852791878,0.012130979362550165
FY 2024-25,PAN India,Safe drinking water,71905700.03,4,17976425.0075,11403161.0,49012988.0,86390.03,7.190570003,1.79764250075,0.01015228426395939,0.010867390097992563
FY 2024-25,PAN India,Sanitation,57290297.08,7,8184328.154285714,1603924.5399999998,50007930.0,0.0,5.729029708,0.8184328154285714,0.017766497461928935,0.008658507002066444
FY 2024-25,PAN India,Training to promote sports,39321305.0,5,7864261.0,2129400.0,22411090.0,1500000.0,3.9321305,0.7864261,0.012690355329949238,0.00594278284501593
FY 2024-25,PAN India,"Poverty, Eradicating Hunger, Malnutrition",36096749.0,10,3609674.9,2714668.5,7500000.0,527484.0,3.6096749,0.36096749,0.025380710659898477,0.005455443066247317
FY 2024-25,PAN India,Conservation of natural resources,35135073.42,6,5855845.57,6362981.5,7109673.0,3659968.42,3.513507342,0.585584557,0.015228426395939087,0.00531010126898767
FY 2024-25,PAN India,Gender equality,31189966.0,3,10396655.333333334,14757975.000000002,15000000.0,1431991.0,3.1189966,1.0396655333333333,0.007614213197969543,0.004713861731736272
FY 2024-25,PAN India,Socio-economic equalities,18242354.25,5,3648470.85,4246951.0,6548790.0,289347.25,1.824235425,0.364847085,0.012690355329949238,0.0027570384525539894
FY 2024-25,PAN India,Setting up orphanage,8315430.0,1,8315430.0,8315430.0,8315430.0,8315430.0,0.831543,0.831543,0.0025380710659898475,0.0012567435071885538
FY 2024-25,PAN India,Agro forestry,2900000.0,1,2900000.0,2900000.0,2900000.0,2900000.0,0.29,0.29,0.0025380710659898475,0.000438288359212549
FY 2024-25,PAN India,"Armed Forces, Veterans, War Widows/ Dependants",2763914.6,2,1381957.3,1381957.3,2763000.0,914.6,0.27639146000000003,0.13819573000000002,0.005076142131979695,0.00041772123966814093
FY 2024-25,PAN India,Senior Citizens Welfare,600000.0,1,600000.0,600000.0,600000.0,600000.0,0.06,0.06,0.0025380710659898475,9.068035018190668e-05
FY 2024-25,PAN India (Other Centralized Funds),Prime Minister's National Relief Fund,4629226300.74,1637,2827871.9002687843,1047275.65,167187381.39,0.0,462.922630074,0.2827871900268784,0.671727533853098,0.5007580435851918
FY 2024-25,PAN India (Other Centralized Funds),Other Central Government Funds,2492040452.98,578,4311488.672975779,1100000.0,207300000.0,0.0,249.204045298,0.43114886729757784,0.23717685679113665,0.26957189402685644
FY 2024-25,PAN India (Other Centralized Funds),Swachh Bharat Kosh,1929698079.8,120,16080817.331666667,848425.0,1664900000.0,0.0,192.96980797999998,1.6080817331666668,0.04924086992203529,0.20874154175532111
FY 2024-25,PAN India (Other Centralized Funds),Clean Ganga Fund,193472395.28,102,1896788.1890196078,900000.0,30300000.0,421.0,19.347239528,0.18967881890196078,0.04185473943373,0.020928520632630683
FY 2024-25,Puducherry,Education,102941240.17,97,1061249.898659794,296508.0,12244105.999999998,0.0,10.294124017,0.10612498986597939,0.44495412844036697,0.3683972229567167
FY 2024-25,Puducherry,Health care,38991187.36,31,1257780.2374193547,490000.0,7610000.0,0.0,3.899118736,0.12577802374193547,0.14220183486238533,0.13953829504567386
FY 2024-25,Puducherry,Art and culture,33547246.0,10,3354724.6,1044613.0,12979618.0,200000.0,3.3547246,0.33547246000000003,0.045871559633027525,0.12005598770557169
FY 2024-25,Puducherry,Environmental sustainability,26280646.0,23,1142636.7826086956,499350.0,6298525.0,0.0,2.6280646,0.11426367826086956,0.10550458715596331,0.09405090698266205
FY 2024-25,Puducherry,Training to promote sports,19107000.0,6,3184500.0,353500.0,16200000.000000002,100000.0,1.9107,0.31845,0.027522935779816515,0.0683784820098305
FY 2024-25,Puducherry,Rural development projects,13544376.999999998,10,1354437.6999999997,660800.0,5575620.999999999,10556.0,1.3544376999999999,0.13544376999999996,0.045871559633027525,0.04847144706279698
FY 2024-25,Puducherry,"Poverty, Eradicating Hunger, Malnutrition",11328603.0,10,1132860.3,762666.0,4300000.0,317291.00000000006,1.1328603,0.11328603000000001,0.045871559633027525,0.04054182636897534
FY 2024-25,Puducherry,Conservation of natural resources,10908706.0,3,3636235.3333333335,94754.0,10721430.0,92522.0,1.0908706,0.36362353333333336,0.013761467889908258,0.03903913523690428
FY 2024-25,Puducherry,Vocational skills,6890786.76,6,1148464.46,918724.49,2587501.0,63988.4,0.689078676,0.11484644599999999,0.027522935779816515,0.02466015274518439
FY 2024-25,Puducherry,Special education,4464259.0,2,2232129.5,2232129.5,2304000.0,2160259.0,0.4464259,0.22321295,0.009174311926605505,0.015976304690360803
FY 2024-25,Puducherry,Livelihood enhancement projects,4380918.0,4,1095229.5,1080959.0,2219000.0,0.0,0.4380918,0.10952295,0.01834862385321101,0.015678051114750752
FY 2024-25,Puducherry,Senior Citizens Welfare,1634353.9999999998,2,817176.9999999999,817176.9999999999,1436813.9999999998,197540.0,0.16343539999999998,0.08171769999999999,0.009174311926605505,0.005848884994331632
FY 2024-25,Puducherry,Safe drinking water,1557245.0,3,519081.6666666667,345000.0,883733.0,328511.99999999994,0.1557245,0.05190816666666667,0.013761467889908258,0.005572933962285994
FY 2024-25,Puducherry,Socio-economic equalities,1100000.0,2,550000.0,550000.0,800000.0,300000.0,0.11,0.055,0.009174311926605505,0.003936585032229735
FY 2024-25,Puducherry,"Armed Forces, Veterans, War Widows/ Dependants",1000000.0,1,1000000.0,1000000.0,1000000.0,1000000.0,0.1,0.1,0.0045871559633027525,0.003578713665663396
FY 2024-25,Puducherry,Gender equality,1000000.0,1,1000000.0,1000000.0,1000000.0,1000000.0,0.1,0.1,0.0045871559633027525,0.003578713665663396
FY 2024-25,Puducherry,Animal welfare,521000.00000000006,3,173666.6666666667,137000.0,333000.00000000006,51000.00000000001,0.05210000000000001,0.01736666666666667,0.013761467889908258,0.0018645098198106294
FY 2024-25,Puducherry,Women empowerment,129750.0,2,64875.0,64875.0,119000.0,10750.0,0.012975,0.0064875,0.009174311926605505,0.0004643380981198256
FY 2024-25,Puducherry,Sanitation,102693.0,1,102693.0,102693.0,102693.0,102693.0,0.0102693,0.0102693,0.0045871559633027525,0.0003675088424679711
FY 2024-25,Puducherry,Slum area development,0.0,1,0.0,0.0,0.0,0.0,0.0,0.0,0.0045871559633027525,0.0
FY 2024-25,Punjab,Education,1502997189.23,552,2722820.994981884,500000.0,85144844.0,0.0,150.299718923,0.2722820994981884,0.29821717990275526,0.26043410988618393
FY 2024-25,Punjab,Health care,1370311170.59,478,2866759.7711087866,554599.5,296955468.0,0.0,137.031117059,0.28667597711087867,0.25823878984332793,0.23744273943887564
FY 2024-25,Punjab,Livelihood enhancement projects,787035663.5500001,53,14849729.500943398,480153.0,546136553.58,0.0,78.703566355,1.4849729500943398,0.02863317125877904,0.13637479428044372
FY 2024-25,Punjab,Vocational skills,602996395.88,68,8867594.057058824,814650.0,381081115.42,2999.9999999999995,60.299639588,0.8867594057058824,0.036736898973527825,0.10448511198217098
FY 2024-25,Punjab,Rural development projects,530118717.84000003,109,4863474.47559633,614637.0,119783079.0,0.0,53.011871784,0.486347447559633,0.05888708806050783,0.09185712215828926
FY 2024-25,Punjab,Environmental sustainability,246068134.77,136,1809324.520367647,620827.5,16392500.000000002,0.0,24.606813477,0.1809324520367647,0.07347379794705565,0.042637828007522506
FY 2024-25,Punjab,"Poverty, Eradicating Hunger, Malnutrition",182869891.76999998,115,1590172.9719130434,493461.0,36074013.8,0.0,18.286989177,0.15901729719130434,0.06212857914640735,0.03168705692157799
FY 2024-25,Punjab,Gender equality,109875705.48,16,6867231.5925,1064613.24,87000000.0,0.0,10.987570548,0.68672315925,0.00864397622906537,0.019038878954564274
FY 2024-25,Punjab,Conservation of natural resources,61029249.0,11,5548113.545454546,3460036.0,17892065.0,65100.0,6.1029249,0.5548113545454546,0.005942733657482442,0.010574935371955007
FY 2024-25,Punjab,Women empowerment,60771556.08,33,1841562.3054545454,492450.0,29353389.0,0.0,6.077155608,0.18415623054545455,0.017828200972447326,0.010530283241714794
FY 2024-25,Punjab,Animal welfare,60232344.0,64,941130.375,342012.0,15000000.0,3923.0,6.0232344,0.0941130375,0.03457590491626148,0.010436850453482754
FY 2024-25,Punjab,Training to promote sports,57620206.58,60,960336.7763333333,297500.0,25240884.71,0.0,5.762020658,0.09603367763333333,0.03241491085899514,0.009984228393539574
FY 2024-25,Punjab,Sanitation,46409029.29,14,3314930.6635714285,935781.5,22483545.0,63993.0,4.640902929,0.3314930663571429,0.007563479200432199,0.008041594701860364
FY 2024-25,Punjab,"Armed Forces, Veterans, War Widows/ Dependants",35487557.0,15,2365837.1333333333,118380.0,26288503.0,10000.0,3.5487557,0.23658371333333333,0.008103727714748784,0.006149160081972654
FY 2024-25,Punjab,Safe drinking water,31892898.319999997,22,1449677.1963636363,175789.5,27596168.0,8330.98,3.1892898319999996,0.14496771963636362,0.011885467314964884,0.005526290165529193
FY 2024-25,Punjab,Socio-economic equalities,19011394.0,24,792141.4166666666,225000.0,5000000.0,11000.0,1.9011394,0.07921414166666667,0.012965964343598054,0.0032942280328695046
FY 2024-25,Punjab,Senior Citizens Welfare,16760136.66,16,1047508.54125,225000.0,9659100.0,8000.0,1.676013666,0.104750854125,0.00864397622906537,0.002904138014292685
FY 2024-25,Punjab,Art and culture,16207754.969999999,21,771797.8557142856,172500.0,6849822.0,5000.0,1.620775497,0.07717978557142856,0.011345218800648298,0.0028084232419807844
FY 2024-25,Punjab,Special education,16119448.0,24,671643.6666666666,250500.0,3000000.0,84000.0,1.6119448,0.06716436666666667,0.012965964343598054,0.0027931217182697
FY 2024-25,Punjab,Setting up homes and hostels for women,11946296.59,7,1706613.7985714285,650000.0,4650000.0,51000.00000000001,1.194629659,0.17066137985714286,0.0037817396002160996,0.0020700125995890342
FY 2024-25,Punjab,Setting up orphanage,2753375.0,10,275337.5,250500.0,727446.0000000001,8000.0,0.2753375,0.02753375,0.005402485143165856,0.0004770952151116363
FY 2024-25,Punjab,Agro forestry,1708530.9200000002,2,854265.4600000001,854265.4600000001,1008530.92,700000.0000000001,0.170853092,0.085426546,0.0010804970286331713,0.0002960482777690224
FY 2024-25,Punjab,Slum area development,900000.0,1,900000.0,900000.0,900000.0,900000.0,0.09,0.09,0.0005402485143165856,0.00015594886043509247
FY 2024-25,Rajasthan,Education,5511655854.75,1675,3290540.80880597,708000.0,606444492.0,0.0,551.165585475,0.329054080880597,0.34443758996504215,0.34239540716134603
FY 2024-25,Rajasthan,Health care,2374285966.48,741,3204164.5971390014,600000.0,203898050.0,0.0,237.428596648,0.32041645971390015,0.15237507711289328,0.1474955315850836
FY 2024-25,Rajasthan,Rural development projects,1937362479.0900002,253,7657559.205889328,1069562.0,594875831.0,0.0,193.736247909,0.7657559205889328,0.05202549866337652,0.12035294516355895
FY 2024-25,Rajasthan,Environmental sustainability,1355047056.44,402,3370763.82199005,903750.0,174700049.0,0.0,135.504705644,0.337076382199005,0.08266502159161011,0.08417831244175202
FY 2024-25,Rajasthan,Livelihood enhancement projects,1256904524.11,151,8323871.0205960255,1131221.71,500000000.0,0.0,125.690452411,0.8323871020596025,0.031050791692370964,0.07808149631198294
FY 2024-25,Rajasthan,"Poverty, Eradicating Hunger, Malnutrition",608623366.75,337,1806004.0556379822,500000.0,68112154.0,0.0,60.862336675,0.18060040556379822,0.06929878675714579,0.03780893636286871
FY 2024-25,Rajasthan,Animal welfare,522516293.85,364,1435484.3237637363,427000.0,55050000.0,0.0,52.251629385,0.14354843237637363,0.07485091507300021,0.032459787747274586
FY 2024-25,Rajasthan,Art and culture,511012546.96,114,4482566.201403509,500000.0,168720000.0,1780.0,51.101254696,0.4482566201403509,0.023442319555829736,0.03174515131058776
FY 2024-25,Rajasthan,Vocational skills,474926675.11,142,3344554.0500704227,956440.0,64757224.00000001,0.0,47.492667511,0.3344554050070423,0.029200082253752827,0.029503422670327198
FY 2024-25,Rajasthan,Training to promote sports,245467927.78,85,2887857.973882353,226693.0,106178627.0,0.0,24.546792778,0.2887857973882353,0.01747892247583796,0.015248972956983946
FY 2024-25,Rajasthan,Women empowerment,228981993.66,113,2026389.3244247788,967565.0,52777291.99999999,4366.0,22.898199366,0.20263893244247788,0.023236685173761054,0.014224832793989579
FY 2024-25,Rajasthan,Safe drinking water,227676236.15,104,2189194.5783653846,374377.0,103403974.0,0.0,22.767623615,0.21891945783653846,0.021385975735142917,0.014143716449632714
FY 2024-25,Rajasthan,Sanitation,203554110.01,69,2950059.565362319,869345.0,66643283.99999999,0.0,20.355411001,0.2950059565362319,0.01418877236273905,0.012645200319641631
FY 2024-25,Rajasthan,Conservation of natural resources,186625845.33,64,2916028.83328125,1533000.0,30000000.0,0.0,18.662584533,0.291602883328125,0.01316060045239564,0.011593581671745023
FY 2024-25,Rajasthan,Special education,134969626.88,67,2014472.0429850745,1000000.0,14825275.0,0.0,13.496962688,0.20144720429850743,0.013777503598601686,0.008384591049923
FY 2024-25,Rajasthan,Senior Citizens Welfare,120709933.0,74,1631215.310810811,310937.5,20000000.0,0.0,12.0709933,0.1631215310810811,0.015216944273082459,0.007498749513240153
FY 2024-25,Rajasthan,Socio-economic equalities,95311771.0,37,2575993.810810811,500000.0,43375000.0,115.0,9.5311771,0.2575993810810811,0.0076084721365412295,0.005920963408970718
FY 2024-25,Rajasthan,Gender equality,51669466.0,24,2152894.4166666665,600000.0,20205000.0,11000.0,5.1669466,0.21528944166666666,0.004935225169648365,0.0032098135868974314
FY 2024-25,Rajasthan,Agro forestry,15207072.0,5,3041414.4,834472.0,7435000.000000001,27600.0,1.5207072,0.30414144,0.0010281719103434094,0.0009446946156270997
FY 2024-25,Rajasthan,Setting up homes and hostels for women,13488276.0,14,963448.2857142857,371500.0,6500000.0,0.0,1.3488276,0.09634482857142856,0.0028788813489615465,0.000837919470052633
FY 2024-25,Rajasthan,Setting up orphanage,10525000.0,12,877083.3333333334,275000.0,5000000.0,0.0,1.0525,0.08770833333333333,0.0024676125848241827,0.0006538346651791499
FY 2024-25,Rajasthan,"Armed Forces, Veterans, War Widows/ Dependants",8910647.0,8,1113830.875,564397.0,5000000.0,0.0,0.8910647,0.1113830875,0.001645075056549455,0.000553547733755306
FY 2024-25,Rajasthan,Slum area development,1909000.0,8,238625.0,150500.0,530000.0,3600.0,0.1909,0.0238625,0.001645075056549455,0.0001185910095797622
FY 2024-25,Sikkim,Education,214071629.31,58,3690890.1605172413,521697.25,37388992.0,0.0,21.407162931000002,0.3690890160517241,0.4084507042253521,0.39312605004468965
FY 2024-25,Sikkim,Rural development projects,122750366.75,24,5114598.614583333,641054.25,37056752.0,0.0,12.275036675,0.5114598614583333,0.16901408450704225,0.22542158892098596
FY 2024-25,Sikkim,Health care,99092287.96,26,3811241.8446153845,874162.5,44536364.8,0.0,9.909228795999999,0.38112418446153845,0.18309859154929578,0.18197535040569715
FY 2024-25,Sikkim,Environmental sustainability,53722372.26,10,5372237.226,269550.0,49861425.0,0.0,5.372237226,0.5372237226,0.07042253521126761,0.09865699660285454
FY 2024-25,Sikkim,Livelihood enhancement projects,17848270.0,4,4462067.5,1424135.0,15000000.0,0.0,1.784827,0.44620675,0.028169014084507043,0.03277697239866508
FY 2024-25,Sikkim,Sanitation,15861966.0,6,2643661.0,990737.5,11939160.0,0.0,1.5861966,0.2643661,0.04225352112676056,0.029129278174891124
FY 2024-25,Sikkim,Training to promote sports,11105746.0,3,3701915.3333333335,1000000.0,10000000.0,105746.0,1.1105746,0.3701915333333333,0.02112676056338028,0.020394846677497882
FY 2024-25,Sikkim,"Poverty, Eradicating Hunger, Malnutrition",3340999.9999999995,2,1670499.9999999998,1670499.9999999998,3076999.9999999995,264000.0,0.33409999999999995,0.16704999999999998,0.014084507042253521,0.006135489029689713
FY 2024-25,Sikkim,Conservation of natural resources,2545444.0,1,2545444.0,2545444.0,2545444.0,2545444.0,0.2545444,0.2545444,0.007042253521126761,0.004674511744294973
FY 2024-25,Sikkim,Vocational skills,2000000.0,3,666666.6666666666,500000.0,1500000.0,0.0,0.2,0.06666666666666667,0.02112676056338028,0.0036728458723075215
FY 2024-25,Sikkim,Setting up homes and hostels for women,727184.0,2,363592.0,363592.0,441724.0,285460.0,0.0727184,0.0363592,0.014084507042253521,0.0013354173764040364
FY 2024-25,Sikkim,Special education,710220.0,1,710220.0,710220.0,710220.0,710220.0,0.071022,0.071022,0.007042253521126761,0.001304264297715124
FY 2024-25,Sikkim,Gender equality,610385.0,1,610385.0,610385.0,610385.0,610385.0,0.0610385,0.0610385,0.007042253521126761,0.0011209250138842133
FY 2024-25,Sikkim,"Armed Forces, Veterans, War Widows/ Dependants",150000.0,1,150000.0,150000.0,150000.0,150000.0,0.015,0.015,0.007042253521126761,0.0002754634404230641
FY 2024-25,Tamil Nadu,Education,9660125730.47,3611,2675194.054408751,500000.0,681169982.46,0.0,966.0125730469999,0.2675194054408751,0.365893200932212,0.3577232059297611
FY 2024-25,Tamil Nadu,Health care,6242063817.19,2064,3024255.725382752,632712.0,662760168.91,0.0,624.206381719,0.3024255725382752,0.2091397304691458,0.23114927720456582
FY 2024-25,Tamil Nadu,Vocational skills,2224659706.43,272,8178895.979522058,1278578.0,700100263.33,0.0,222.465970643,0.8178895979522057,0.027561049751747897,0.08238116402323281
FY 2024-25,Tamil Nadu,Environmental sustainability,1603295230.01,697,2300280.1004447634,650000.0,50000000.0,0.0,160.329523001,0.23002801004447634,0.07062518998885399,0.059371474630192655
FY 2024-25,Tamil Nadu,Rural development projects,1535826696.6,538,2854696.4620817844,700000.0000000001,166500000.0,0.0,153.58266966,0.28546964620817844,0.05451413517073665,0.056873053725102624
FY 2024-25,Tamil Nadu,"Poverty, Eradicating Hunger, Malnutrition",948703801.28,516,1838573.2582945735,400000.0,78600000.0,0.0,94.870380128,0.18385732582945735,0.05228493261728645,0.03513136109617911
FY 2024-25,Tamil Nadu,Livelihood enhancement projects,898394379.75,365,2461354.465068493,693100.0,57082688.0,0.0,89.839437975,0.2461354465068493,0.03698449690951464,0.03326835764670872
FY 2024-25,Tamil Nadu,Training to promote sports,614700869.63,251,2449007.4487250997,300000.0,82486999.1,0.0,61.470086963,0.24490074487250996,0.02543317458709089,0.02276292999771931
FY 2024-25,Tamil Nadu,Art and culture,602017589.65,212,2839705.6115566036,500000.0,71026000.0,0.0,60.201758964999996,0.2839705611556604,0.02148140642415645,0.02229325665155991
FY 2024-25,Tamil Nadu,Conservation of natural resources,469511680.28,113,4154970.6219469025,946530.0,65206000.0,0.0,46.951168028,0.41549706219469024,0.01144999493363056,0.01738644280389288
FY 2024-25,Tamil Nadu,Sanitation,366100890.39,165,2218793.275090909,700000.0000000001,30000420.0,0.0,36.610089039,0.22187932750909092,0.016719019150876483,0.013557047584895052
FY 2024-25,Tamil Nadu,Special education,362655225.4,176,2060541.0534090907,500000.0,49241008.0,2753.0000000000005,36.26552254,0.20605410534090907,0.01783362042760158,0.01342945148923608
FY 2024-25,Tamil Nadu,Safe drinking water,359399099.0,170,2114112.3470588233,501386.5,64699185.0,0.0,35.9399099,0.21141123470588233,0.017225656094842435,0.01330887417924864
FY 2024-25,Tamil Nadu,Women empowerment,188456938.62,187,1007791.1156149732,300000.0,15480000.0,0.0,18.845693862,0.10077911156149733,0.018948221704326678,0.006978731141170624
FY 2024-25,Tamil Nadu,Animal welfare,176128465.82999998,131,1344492.105572519,300000.0,44200000.0,0.0,17.612846583,0.1344492105572519,0.013273887931907995,0.0065221966266408565
FY 2024-25,Tamil Nadu,Gender equality,167732789.38,47,3568782.7527659573,578782.7899999999,107510000.0,0.0,16.773278938,0.3568782752765957,0.004762387273279968,0.0062112971229035625
FY 2024-25,Tamil Nadu,Socio-economic equalities,141229739.89000002,87,1623330.3435632186,477500.0,33784008.0,0.0,14.122973989000002,0.16233303435632185,0.0088154828250076,0.005229865193857993
FY 2024-25,Tamil Nadu,Agro forestry,137093565.03,21,6528265.0014285715,871000.0,73900000.0,10000.0,13.709356503,0.6528265001428571,0.0021278751646570068,0.005076698892249898
FY 2024-25,Tamil Nadu,Senior Citizens Welfare,119351754.12,102,1170115.2364705883,500000.0,30000000.0,0.0,11.935175412000001,0.11701152364705883,0.010335393656905462,0.004419703563741268
FY 2024-25,Tamil Nadu,Slum area development,61780237.0,14,4412874.071428572,1465285.0,23537859.0,5999.999999999999,6.1780237,0.4412874071428572,0.0014185834431046712,0.0022877781365755775
FY 2024-25,Tamil Nadu,Setting up orphanage,52531637.0,47,1117694.4042553192,400000.0,19500000.0,15000.0,5.2531637,0.11176944042553191,0.004762387273279968,0.0019452941012046403
FY 2024-25,Tamil Nadu,"Armed Forces, Veterans, War Widows/ Dependants",51226332.0,63,813116.380952381,56500.0,35000000.0,0.0,5.1226332,0.0813116380952381,0.006383625493971021,0.0018969574747109157
FY 2024-25,Tamil Nadu,Setting up homes and hostels for women,21484237.759999998,20,1074211.8879999998,637976.5,5000000.0,120000.0,2.148423776,0.10742118879999998,0.002026547775863816,0.0007955807846499433
FY 2024-25,Telangana,Education,5787002176.09,1749,3308749.1001086337,603620.0,749300000.0000001,0.0,578.700217609,0.3308749100108634,0.3639958376690947,0.40324898949762233
FY 2024-25,Telangana,Health care,3236409148.92,912,3548694.2422368424,1000000.0,293220424.0,0.0,323.640914892,0.3548694242236842,0.1898022892819979,0.22551896114624048
FY 2024-25,Telangana,Environmental sustainability,985071746.41,289,3408552.7557439446,1000000.0,87026597.0,0.0,98.50717464099999,0.34085527557439443,0.06014568158168574,0.0686416168916804
FY 2024-25,Telangana,Rural development projects,765722103.75,257,2979463.4387159534,1000000.0,44542000.0,0.0,76.572210375,0.29794634387159535,0.05348595213319459,0.05335692905887355
FY 2024-25,Telangana,"Poverty, Eradicating Hunger, Malnutrition",633207615.09,341,1856913.827243402,800000.0,60000000.0,0.0,63.320761509,0.1856913827243402,0.07096774193548387,0.0441230749803801
FY 2024-25,Telangana,Vocational skills,621134485.54,175,3549339.9173714286,1473150.0,60996914.99999999,0.0,62.113448553999994,0.35493399173714285,0.036420395421436005,0.04328179703664157
FY 2024-25,Telangana,Livelihood enhancement projects,591090556.5,173,3416708.4190751445,917139.0,114182493.0,0.0,59.10905565,0.34167084190751446,0.03600416233090531,0.04118828062567939
FY 2024-25,Telangana,Women empowerment,358989379.56,135,2659180.5893333335,897600.0000000001,121865426.21,0.0,35.898937956,0.26591805893333337,0.02809573361082206,0.025015042355791405
FY 2024-25,Telangana,Training to promote sports,195295624.21,112,1743710.9304464287,450000.0,70000000.0,0.0,19.529562421,0.17437109304464288,0.023309053069719043,0.013608559444019314
FY 2024-25,Telangana,Art and culture,181649133.37,89,2041001.4985393258,500000.0,24299844.0,0.0,18.164913337,0.20410014985393257,0.018522372528616025,0.012657646782511273
FY 2024-25,Telangana,Special education,174003005.44,127,1370102.40503937,500000.0,21100750.0,10000.0,17.400300544,0.137010240503937,0.026430801248699273,0.012124850480121548
FY 2024-25,Telangana,Safe drinking water,162200257.16,88,1843184.7404545455,458961.0,38075089.0,0.0,16.220025716,0.18431847404545454,0.018314255983350677,0.011302413202169712
FY 2024-25,Telangana,Conservation of natural resources,157896837.94,35,4511338.2268571425,2000000.0,24680039.0,0.0,15.789683794,0.4511338226857142,0.007284079084287201,0.011002543010480561
FY 2024-25,Telangana,Animal welfare,93294312.15,69,1352091.4804347828,500000.0,9889800.0,0.0,9.329431215000001,0.13520914804347828,0.014360041623309052,0.006500919812299405
FY 2024-25,Telangana,Sanitation,78891494.9,50,1577829.898,435000.0,9255000.0,0.0,7.88914949,0.1577829898,0.01040582726326743,0.005497304931009425
FY 2024-25,Telangana,Gender equality,76733435.37,44,1743941.7129545456,970000.0,13826212.0,50000.0,7.673343537,0.17439417129545456,0.009157127991675338,0.005346927361022715
FY 2024-25,Telangana,Socio-economic equalities,69470816.0,30,2315693.8666666667,473000.0,36644710.0,0.0,6.9470816,0.23156938666666668,0.006243496357960458,0.004840854642723324
FY 2024-25,Telangana,Senior Citizens Welfare,62234047.0,50,1244680.94,346608.0,8050000.000000001,1.0,6.2234047,0.124468094,0.01040582726326743,0.004336583225903256
FY 2024-25,Telangana,Setting up orphanage,43427315.0,44,986984.4318181818,550000.0,5322000.0,10000.0,4.3427315,0.09869844318181818,0.009157127991675338,0.0030260954389647334
FY 2024-25,Telangana,Setting up homes and hostels for women,38027795.0,14,2716271.0714285714,769701.5,25268392.0,0.0,3.8027795,0.27162710714285715,0.0029136316337148803,0.0026498469224585006
FY 2024-25,Telangana,Agro forestry,23208880.0,8,2901110.0,900000.0,17500000.0,110200.0,2.320888,0.290111,0.0016649323621227888,0.0016172375821871515
FY 2024-25,Telangana,"Armed Forces, Veterans, War Widows/ Dependants",8445000.0,9,938333.3333333334,300000.0,2500000.0,0.0,0.8445,0.09383333333333334,0.0018730489073881373,0.000588463182263448
FY 2024-25,Telangana,Slum area development,7535139.0,5,1507027.8,1000000.0,3286039.0,190000.0,0.7535139,0.15070278,0.001040582726326743,0.0005250623889564731
FY 2024-25,Tripura,Health care,42426710.89,28,1515239.6746428572,1091571.5,6300232.999999999,0.0,4.242671089,0.1515239674642857,0.2916666666666667,0.26744868892360624
FY 2024-25,Tripura,Environmental sustainability,40894749.5,7,5842107.071428572,500000.0,35997815.0,292250.0,4.08947495,0.5842107071428572,0.07291666666666667,0.2577915400039228
FY 2024-25,Tripura,Education,25424310.0,24,1059346.25,280224.0,6452250.000000001,0.0,2.542431,0.105934625,0.25,0.16026927927354426
FY 2024-25,Tripura,Livelihood enhancement projects,17007511.0,6,2834585.1666666665,1994794.5,10000000.0,97922.0,1.7007511,0.28345851666666666,0.0625,0.10721162266377636
FY 2024-25,Tripura,Rural development projects,15752736.0,5,3150547.2,1811770.0,10709000.0,0.0,1.5752736,0.31505472,0.052083333333333336,0.09930179600966219
FY 2024-25,Tripura,Sanitation,7353935.0,7,1050562.142857143,596295.0,3814908.0,0.0,0.7353935,0.1050562142857143,0.07291666666666667,0.04635759484817844
FY 2024-25,Tripura,"Poverty, Eradicating Hunger, Malnutrition",2900623.0,4,725155.75,165672.5,2564278.0,5000.0,0.2900623,0.072515575,0.041666666666666664,0.018284891808441044
FY 2024-25,Tripura,Safe drinking water,2183040.2,6,363840.0333333334,92025.1,1500000.0,0.0,0.21830402000000002,0.03638400333333334,0.0625,0.013761407073748469
FY 2024-25,Tripura,Training to promote sports,2099000.0,2,1049500.0,1049500.0,1549000.0,550000.0,0.2099,0.10495,0.020833333333333332,0.013231636067809485
FY 2024-25,Tripura,Animal welfare,997740.0,2,498870.0,498870.0,500000.0,497740.0,0.099774,0.049887,0.020833333333333332,0.006289534335538941
FY 2024-25,Tripura,Women empowerment,784600.0,1,784600.0,784600.0,784600.0,784600.0,0.07846,0.07846,0.010416666666666666,0.0049459464787057275
FY 2024-25,Tripura,Senior Citizens Welfare,710000.0,2,355000.0,355000.0,580000.0,130000.0,0.071,0.0355,0.020833333333333332,0.004475684425033223
FY 2024-25,Tripura,Art and culture,100000.0,1,100000.0,100000.0,100000.0,100000.0,0.01,0.01,0.010416666666666666,0.0006303780880328483
FY 2024-25,Tripura,Vocational skills,0.0,1,0.0,0.0,0.0,0.0,0.0,0.0,0.010416666666666666,0.0
FY 2024-25,Uttar Pradesh,Education,6074992534.93,1901,3195682.553882167,1000000.0,137500000.0,0.0,607.4992534930001,0.3195682553882167,0.3282113259668508,0.276706575549217
FY 2024-25,Uttar Pradesh,Health care,5504615613.25,1214,4534279.747322899,1100000.0,275754444.0,0.0,550.461561325,0.4534279747322899,0.20959944751381215,0.25072678316874863
FY 2024-25,Uttar Pradesh,Livelihood enhancement projects,2153187808.53,157,13714572.028853504,1319458.0,1052846091.0,0.0,215.31878085300002,1.3714572028853504,0.02710635359116022,0.0980743962378424
FY 2024-25,Uttar Pradesh,Environmental sustainability,1708319403.02,382,4472040.322041885,1130662.7049999996,108376345.82,0.0,170.831940302,0.4472040322041885,0.06595303867403315,0.07781132392114021
FY 2024-25,Uttar Pradesh,Rural development projects,1668409103.09,262,6367973.67591603,1284492.895,206121642.61,0.0,166.84091030899998,0.636797367591603,0.04523480662983426,0.07599347108275813
FY 2024-25,Uttar Pradesh,"Poverty, Eradicating Hunger, Malnutrition",1190645520.6,517,2302989.4015473886,500000.0,59833999.99999999,0.0,119.06455206,0.23029894015473887,0.08926104972375691,0.0542320739990896
FY 2024-25,Uttar Pradesh,Vocational skills,702937387.91,224,3138113.3388839285,1640944.025,50000000.0,0.0,70.293738791,0.31381133388839283,0.03867403314917127,0.03201771793392482
FY 2024-25,Uttar Pradesh,Animal welfare,539574701.65,223,2419617.4961883407,825000.0,68285000.0,0.0,53.957470165,0.24196174961883407,0.038501381215469616,0.024576798586680455
FY 2024-25,Uttar Pradesh,Sanitation,402072582.01,97,4145078.1650515464,639560.0,70591000.0,0.0,40.207258201,0.4145078165051546,0.016747237569060772,0.018313788313404203
FY 2024-25,Uttar Pradesh,Women empowerment,396434416.12,132,3003291.0312121212,770006.125,62626422.0,2250.0,39.643441612000004,0.30032910312121214,0.022790055248618785,0.018056978520333687
FY 2024-25,Uttar Pradesh,Art and culture,300211894.02,139,2159797.798705036,400000.0,90000000.0,0.0,30.021189401999997,0.21597977987050357,0.023998618784530388,0.013674190487606227
FY 2024-25,Uttar Pradesh,Gender equality,253992301.19,40,6349807.52975,2612892.5,40411939.04,21825.0,25.399230119,0.634980752975,0.006906077348066298,0.011568959052055862
FY 2024-25,Uttar Pradesh,Special education,229414773.45,90,2549053.038333333,942000.0,19938328.28,0.0,22.941477345,0.2549053038333333,0.015538674033149171,0.01044949042764221
FY 2024-25,Uttar Pradesh,Safe drinking water,218267178.46,102,2139874.298627451,473460.5,35000000.0,0.0,21.826717846,0.2139874298627451,0.01761049723756906,0.009941734604477557
FY 2024-25,Uttar Pradesh,Training to promote sports,187532798.24,98,1913599.9820408165,657123.5,32705760.0,0.0,18.753279824,0.19135999820408164,0.01691988950276243,0.008541830809797129
FY 2024-25,Uttar Pradesh,Senior Citizens Welfare,155084253.04,78,1988259.6543589742,625000.0,41000000.0,0.0,15.508425304,0.19882596543589742,0.013466850828729282,0.007063849434146031
FY 2024-25,Uttar Pradesh,Conservation of natural resources,92638443.00999999,47,1971030.7023404252,691875.0,12320000.0,0.0,9.263844300999999,0.19710307023404253,0.0081146408839779,0.004219538737228056
FY 2024-25,Uttar Pradesh,Socio-economic equalities,47037612.0,33,1425382.1818181819,500000.0,8000000.0,7800.0,4.7037612,0.1425382181818182,0.005697513812154696,0.002142490951831718
FY 2024-25,Uttar Pradesh,Slum area development,39731182.0,8,4966397.75,4522560.0,13587431.0,168000.0,3.9731182,0.496639775,0.0013812154696132596,0.0018096942918909068
FY 2024-25,Uttar Pradesh,Agro forestry,32407154.0,9,3600794.888888889,335523.0,21254375.0,0.0,3.2407154,0.3600794888888889,0.001553867403314917,0.0014760960700899754
FY 2024-25,Uttar Pradesh,Setting up homes and hostels for women,27748396.67,16,1734274.791875,1096500.0,6860000.000000001,5000.0,2.774839667,0.1734274791875,0.0027624309392265192,0.0012638968320354438
FY 2024-25,Uttar Pradesh,Setting up orphanage,16551565.0,14,1182254.642857143,500000.0,7200000.0,15000.0,1.6551565,0.1182254642857143,0.0024171270718232043,0.0007538983537504954
FY 2024-25,Uttar Pradesh,"Armed Forces, Veterans, War Widows/ Dependants",12830787.03,9,1425643.0033333332,400000.0,5413392.0,40000.0,1.283078703,0.1425643003333333,0.001553867403314917,0.0005844226343092153
FY 2024-25,Uttarakhand,Education,1872395178.72,477,3925356.7688050317,1000000.0,604387248.98,0.0,187.239517872,0.39253567688050317,0.35073529411764703,0.362111999348564
FY 2024-25,Uttarakhand,Health care,1160005660.94,246,4715470.166422765,1004640.5,242800000.0,0.0,116.000566094,0.4715470166422765,0.18088235294117647,0.2243393776658783
FY 2024-25,Uttarakhand,Rural development projects,526754198.67,91,5788507.677692308,700000.0000000001,236474100.0,0.0,52.675419867,0.5788507677692308,0.06691176470588235,0.10187166588200686
FY 2024-25,Uttarakhand,Environmental sustainability,379750204.08,138,2751813.073043478,979031.2349999994,28448198.0,0.0,37.975020408,0.2751813073043478,0.10147058823529412,0.07344181784661478
FY 2024-25,Uttarakhand,Art and culture,306895164.36,52,5901830.083846154,1000000.0,62575600.0,3100.0,30.689516436,0.5901830083846153,0.03823529411764706,0.059352012235353184
FY 2024-25,Uttarakhand,Livelihood enhancement projects,246313242.94,54,4561356.350740741,1000000.0,27790740.0,23210.0,24.631324294,0.4561356350740741,0.039705882352941174,0.04763576721448606
FY 2024-25,Uttarakhand,Special education,121315167.0,19,6385008.7894736845,500000.0,93620195.0,25000.0,12.1315167,0.6385008789473684,0.013970588235294118,0.023461755388467714
FY 2024-25,Uttarakhand,Vocational skills,120093699.69,42,2859373.802142857,922291.5,25000000.0,0.0,12.009369969,0.2859373802142857,0.030882352941176472,0.02322552963079118
FY 2024-25,Uttarakhand,"Poverty, Eradicating Hunger, Malnutrition",115771117.0,50,2315422.34,500000.0,28500000.0,20861.0,11.5771117,0.23154223399999999,0.03676470588235294,0.022389563442662335
FY 2024-25,Uttarakhand,Sanitation,65779191.43,20,3288959.5715,1180231.5,32870000.0,82000.0,6.577919143,0.32889595715000003,0.014705882352941176,0.012721371425733203
FY 2024-25,Uttarakhand,Agro forestry,45290347.0,9,5032260.777777778,1500000.0,22400000.000000004,62500.0,4.5290347,0.5032260777777778,0.006617647058823529,0.008758929893513005
FY 2024-25,Uttarakhand,Women empowerment,37995030.0,28,1356965.357142857,488924.5,7973163.0,0.0,3.799503,0.1356965357142857,0.020588235294117647,0.0073480515411357625
FY 2024-25,Uttarakhand,Training to promote sports,31821640.29,26,1223909.2419230768,223188.5,13377773.0,0.0,3.182164029,0.12239092419230768,0.01911764705882353,0.006154148397156217
FY 2024-25,Uttarakhand,Conservation of natural resources,28358548.0,14,2025610.5714285714,1100000.0,12948320.0,55068.0,2.8358548,0.20256105714285713,0.010294117647058823,0.005484403416335571
FY 2024-25,Uttarakhand,Animal welfare,25805411.8,35,737297.48,342000.0,5699999.999999999,4725.0,2.58054118,0.073729748,0.025735294117647058,0.004990639458545841
FY 2024-25,Uttarakhand,Slum area development,23348369.0,4,5837092.25,801684.5,21600000.0,145000.0,2.3348369,0.583709225,0.0029411764705882353,0.004515459490713824
FY 2024-25,Uttarakhand,Gender equality,17884817.8,9,1987201.977777778,1100000.0,4100000.0,488353.0,1.7884817800000001,0.1987201977777778,0.006617647058823529,0.003458835616085112
FY 2024-25,Uttarakhand,Safe drinking water,12253015.02,20,612650.7509999999,180000.0,1961138.8,0.0,1.225301502,0.0612650751,0.014705882352941176,0.002369672715122758
FY 2024-25,Uttarakhand,Senior Citizens Welfare,12034064.77,10,1203406.477,1000000.0,3617338.77,180000.0,1.203406477,0.1203406477,0.007352941176470588,0.0023273288158826583
FY 2024-25,Uttarakhand,Socio-economic equalities,10024563.0,6,1670760.5,1162281.5,4500000.0,100000.0,1.0024563,0.16707605,0.004411764705882353,0.0019387010775188897
FY 2024-25,Uttarakhand,"Armed Forces, Veterans, War Widows/ Dependants",6150000.0,4,1537500.0,560250.0,5000000.0,29500.0,0.615,0.15375,0.0029411764705882353,0.0011893796893431836
FY 2024-25,Uttarakhand,Setting up orphanage,4223956.0,5,844791.2,123956.0,2200000.0,100000.0,0.4223956,0.08447911999999999,0.003676470588235294,0.000816892272370614
FY 2024-25,Uttarakhand,Setting up homes and hostels for women,500000.0,1,500000.0,500000.0,500000.0,500000.0,0.05,0.05,0.0007352941176470588,9.669753571895802e-05
FY 2024-25,West Bengal,Education,3320683658.9,1455,2282256.81024055,500000.0,355202000.0,0.0,332.06836589,0.228225681024055,0.30917977050573736,0.3115779616411181
FY 2024-25,West Bengal,Health care,2342298226.9900002,1108,2113987.5694855596,500000.0,171452209.00000003,0.0,234.22982269900004,0.21139875694855595,0.23544411389715258,0.21977658280250142
FY 2024-25,West Bengal,"Poverty, Eradicating Hunger, Malnutrition",1116540995.55,458,2437862.43569869,300000.0,256876219.04,0.0,111.654099555,0.243786243569869,0.09732256693582661,0.10476444106616725
FY 2024-25,West Bengal,Rural development projects,567664959.73,178,3189128.987247191,530461.5,107062350.0,0.0,56.766495973000005,0.31891289872471906,0.037824054398640033,0.05326369784538611
FY 2024-25,West Bengal,Art and culture,535200532.15999997,133,4024064.151578947,360000.0,133304141.0,3.0,53.520053215999994,0.4024064151578947,0.028261793455163622,0.05021757806791322
FY 2024-25,West Bengal,Environmental sustainability,465790259.6,247,1885790.5246963564,546000.0,33452268.0,0.0,46.57902596,0.18857905246963563,0.052486187845303865,0.04370484952683827
FY 2024-25,West Bengal,Vocational skills,444300412.92,164,2709148.859268293,796620.0,63462125.0,0.0,44.430041292,0.2709148859268293,0.03484912877178071,0.04168846877145112
FY 2024-25,West Bengal,Livelihood enhancement projects,357425704.97,163,2192795.73601227,500000.0,53828726.67,0.0,35.742570497,0.21927957360122702,0.034636634084147896,0.033537061651209205
FY 2024-25,West Bengal,Sanitation,317431208.81,61,5203790.308360656,550488.0,241988147.9,0.0,31.743120881,0.5203790308360656,0.01296217594560136,0.02978439958808325
FY 2024-25,West Bengal,Animal welfare,262224733.71,175,1498427.0497714286,360000.0,125000000.0,5100.0,26.222473371,0.14984270497714286,0.0371865703357416,0.024604405722980442
FY 2024-25,West Bengal,Training to promote sports,201237450.28,101,1992450.0027722772,400000.0,50000000.0,0.0,20.123745028000002,0.19924500027722772,0.021461963450913727,0.018882001721557677
FY 2024-25,West Bengal,Women empowerment,170278475.15,85,2003276.1782352943,500000.0,34039208.0,0.0,17.027847515,0.20032761782352942,0.01806204844878878,0.01597713773680256
FY 2024-25,West Bengal,Special education,132115099.57000001,98,1348113.2609183674,466514.5,27475000.0,0.0,13.211509957,0.13481132609183674,0.0208244793880153,0.012396288732805665
FY 2024-25,West Bengal,Safe drinking water,129262690.31,78,1657213.9783333333,507331.5,22500000.0,0.0,12.926269031,0.16572139783333334,0.016574585635359115,0.012128648706145776
FY 2024-25,West Bengal,Senior Citizens Welfare,102510861.27,54,1898349.2827777776,583950.2,43400000.0,6284.0,10.251086126999999,0.18983492827777776,0.011474713132171696,0.009618538976146385
FY 2024-25,West Bengal,Conservation of natural resources,45264204.0,22,2057463.8181818181,985769.0,11578677.0,8000.0,4.5264204,0.2057463818181818,0.004674883127921802,0.0042471159153713465
FY 2024-25,West Bengal,Gender equality,43877634.03,24,1828234.75125,664962.0,17118016.0,5400.0,4.387763403,0.182823475125,0.005099872503187421,0.004117014800871178
FY 2024-25,West Bengal,Agro forestry,38046000.0,3,12682000.0,3200000.0,34711000.0,135000.0,3.8046,1.2682,0.0006374840628984276,0.0035698357164574957
FY 2024-25,West Bengal,Socio-economic equalities,28199751.02,44,640903.4322727273,275500.0,5485800.0,8000.0,2.819975102,0.06409034322727272,0.009349766255843604,0.0026459674705988723
FY 2024-25,West Bengal,Setting up homes and hostels for women,14597560.0,21,695121.9047619047,498000.0,2950000.0,10000.0,1.459756,0.06951219047619048,0.004462388440288993,0.001369681203309974
FY 2024-25,West Bengal,Setting up orphanage,13761507.0,18,764528.1666666666,480345.0,6344279.0,9733.0,1.3761507,0.07645281666666666,0.003824904377390565,0.0012912348000020985
FY 2024-25,West Bengal,"Armed Forces, Veterans, War Widows/ Dependants",4659896.0,5,931979.2,393896.0,3000000.0,50000.0,0.4659896,0.09319791999999999,0.0010624734381640458,0.0004372355352935241
FY 2024-25,West Bengal,Slum area development,4261476.0,11,387406.9090909091,482000.0,900000.0,540.0,0.4261476,0.038740690909090915,0.002337441563960901,0.00039985200098897184
