text,label
The organization plans to develop female entrepreneurship support for communities in low income communities.,women_empowerment
The program focuses on female entrepreneurship support for women in underserved communities living in underserved districts.,women_empowerment
underprivileged youth in small towns will receive support through sports coaching.,sports
The project will provide village infrastructure development for remote communities in backward rural areas.,rural_development
government school students in underserved communities will receive support through after school learning programs.,education
The project will provide library development programs for students in underserved areas in rural schools.,education
A new diagnostic facilities program will be implemented for elderly residents.,healthcare
The initiative will establish support programs for disadvantaged groups to support persons with disabilities in rural districts.,social_inequality
The project aims to increase learning opportunities through computer education programs.,education
The initiative will use environmental awareness programs to improve local biodiversity in villages.,environment
The program focuses on accessibility programs for vulnerable populations living in remote villages.,social_inequality
A new sports equipment programs program will be implemented for underprivileged youth.,sports
The initiative will establish assistive support programs to support underserved communities in remote villages.,social_inequality
The initiative will use renewable energy projects to increase renewable energy access in rural districts.,environment
The project will provide social inclusion programs for underserved communities in underserved regions.,social_inequality
The program focuses on health screening programs for rural families living in low access communities.,healthcare
The intervention will focus on underprivileged youth and aim to promote physical activity.,sports
The intervention will focus on women entrepreneurs and aim to improve employability.,livelihood
women in underserved communities in remote villages will receive support through financial literacy programs for women.,women_empowerment
The project aims to increase access to safe drinking water through community water facilities.,water_sanitation
The project will provide preventive healthcare programs for elderly residents in remote villages.,healthcare
The program will expand accessibility programs across rural districts to improve accessibility.,social_inequality
The intervention will focus on women entrepreneurs and aim to increase financial independence.,women_empowerment
The project aims to develop sporting talent through sports coaching.,sports
The initiative will use financial literacy programs for women to promote gender equality in low income communities.,women_empowerment
The program focuses on community infrastructure projects for rural communities living in backward rural areas.,rural_development
The program will expand rural connectivity projects across remote districts to increase access to basic services.,rural_development
A new job readiness programs program will be implemented for unemployed youth.,livelihood
vulnerable populations in remote villages will receive support through community inclusion programs.,social_inequality
The initiative will use primary healthcare centres to expand healthcare access in remote tribal areas.,healthcare
The project aims to improve access to quality education through teacher training.,education
The program focuses on community infrastructure projects for farmers living in backward rural areas.,rural_development
The initiative will use computer education programs to improve student outcomes in underserved communities.,education
The project aims to support school participation through computer education programs.,education
low income families in underserved regions will receive support through community water facilities.,water_sanitation
The project aims to increase employment opportunities through skill development programs.,livelihood
The proposed project addresses community needs by providing grassroots sports development.,sports
The CSR project will implement telemedicine services to help children and families.,healthcare
A new library development programs program will be implemented for government school students.,education
The project will provide environmental awareness programs for farmers in degraded land areas.,environment
The proposed project addresses community needs by providing wastewater management.,water_sanitation
The intervention will focus on children from disadvantaged communities and aim to support young athletes.,sports
The initiative will use sports equipment programs to increase youth participation in sports in government schools.,sports
The intervention will focus on female workers and aim to improve employment opportunities for women.,women_empowerment
The intervention will focus on low income households and aim to support disadvantaged populations.,social_inequality
The program focuses on clean drinking water systems for low income families living in aspirational districts.,water_sanitation
The project will provide disaster relief programs for disaster affected families in vulnerable villages.,disaster_management
The program focuses on accessibility programs for vulnerable populations living in low income communities.,social_inequality
The program will expand community resilience programs across disaster prone regions to provide emergency assistance.,disaster_management
The project will provide assistive support programs for low income households in rural districts.,social_inequality
The initiative will use employment training to increase economic independence in rural districts.,livelihood
The intervention will focus on vulnerable households and aim to improve disaster preparedness.,disaster_management
The CSR project will implement gender equality programs to help female workers.,women_empowerment
The intervention will focus on flood affected communities and aim to support disaster recovery.,disaster_management
The proposed project addresses community needs by providing sports training programs.,sports
The CSR project will implement health screening programs to help low income households.,healthcare
The project will provide emergency response programs for vulnerable households in vulnerable villages.,disaster_management
A new community infrastructure projects program will be implemented for village households.,rural_development
The organization plans to develop technical skills training for communities in remote villages.,livelihood
The project will provide library development programs for low income students in underserved communities.,education
The project aims to improve access to healthcare through primary healthcare centres.,healthcare
The program will expand medical camps across low access communities to reduce barriers to medical treatment.,healthcare
The initiative will establish forest restoration to support farmers in villages.,environment
The organization plans to develop job readiness programs for communities in low income areas.,livelihood
The project aims to improve access to sports facilities through community sports centres.,sports
A new community sports centres program will be implemented for school students.,sports
The program will expand women employment initiatives across underserved districts to promote gender equality.,women_empowerment
persons with disabilities in remote villages will receive support through community inclusion programs.,social_inequality
The program focuses on flood rehabilitation for affected rural populations living in disaster prone regions.,disaster_management
A new recycling facilities program will be implemented for farmers.,environment
The program will expand mobile healthcare clinics across remote tribal areas to improve access to healthcare.,healthcare
low income households in remote villages will receive support through primary healthcare centres.,healthcare
The initiative will use grassroots sports development to promote physical activity in government schools.,sports
women entrepreneurs in low income communities will receive support through women leadership training.,women_empowerment
The initiative will use village infrastructure development to increase access to basic services in backward rural areas.,rural_development
The initiative will use community water facilities to reduce waterborne disease risks in rural villages.,water_sanitation
The program will expand primary healthcare centres across aspirational districts to improve access to healthcare.,healthcare
The project aims to provide emergency assistance through emergency shelter development.,disaster_management
The project will provide female entrepreneurship support for rural women in aspirational districts.,women_empowerment
The initiative will use gender equality programs to increase financial independence in remote villages.,women_empowerment
The CSR project will implement biodiversity conservation to help vulnerable communities.,environment
The project aims to improve accessibility through disability inclusion initiatives.,social_inequality
The project aims to improve health outcomes through health screening programs.,healthcare
The initiative will establish village development programs to support remote communities in rural villages.,rural_development
The intervention will focus on local residents and aim to reduce waste generation.,environment
A new remedial education programs program will be implemented for young learners.,education
The initiative will use financial literacy programs for women to increase women's economic independence in low income communities.,women_empowerment
The initiative will establish skill development programs to support young adults in underserved communities.,livelihood
The project will provide integrated rural development for village households in aspirational districts.,rural_development
The initiative will use medical camps to improve access to healthcare in aspirational districts.,healthcare
The organization plans to develop employment training for communities in remote villages.,livelihood
A new community sports centres program will be implemented for rural youth.,sports
young athletes in remote villages will receive support through community sports centres.,sports
The program focuses on community health centres for children and families living in aspirational districts.,healthcare
The initiative will use athlete development programs to support young athletes in small towns.,sports
A new community resilience programs program will be implemented for flood affected communities.,disaster_management
local residents in environmentally vulnerable regions will receive support through forest restoration.,environment
The intervention will focus on low income students and aim to increase digital literacy.,education
The project aims to reduce waterborne disease risks through water treatment facilities.,water_sanitation
The project aims to develop job ready skills through self help group training.,livelihood
The initiative will use solar energy installations to restore degraded ecosystems in environmentally vulnerable regions.,environment
The initiative will establish women entrepreneurship programs to support young women in aspirational districts.,women_empowerment
The project aims to increase preventive healthcare coverage through health screening programs.,healthcare
The proposed project addresses community needs by providing sports equipment programs.,sports
The program will expand athlete development programs across small towns to increase youth participation in sports.,sports
The program will expand computer education programs across underserved communities to improve student outcomes.,education
The initiative will establish village development programs to support rural communities in rural villages.,rural_development
The CSR project will implement village infrastructure development to help farmers.,rural_development
The project aims to improve rural infrastructure through rural connectivity projects.,rural_development
The program will expand telemedicine services across underserved regions to provide timely medical assistance.,healthcare
The intervention will focus on women in underserved communities and aim to increase women's economic independence.,women_empowerment
The project will provide village infrastructure development for village households in rural villages.,rural_development
A new remedial education programs program will be implemented for rural students.,education
The intervention will focus on school children and aim to reduce educational inequality.,education
The organization plans to develop solar energy installations for communities in environmentally vulnerable regions.,environment
The program focuses on after school learning programs for children from disadvantaged communities living in rural schools.,education
The CSR project will implement female entrepreneurship support to help women from low income households.,women_empowerment
low income families in underserved regions will receive support through rainwater harvesting.,water_sanitation
The initiative will use integrated rural development to improve rural connectivity in aspirational districts.,rural_development
The program will expand rural livelihood infrastructure across underserved rural regions to improve rural infrastructure.,rural_development
The initiative will use sports coaching to improve access to sports facilities in rural communities.,sports
The organization plans to develop community sports centres for communities in rural communities.,sports
The proposed project addresses community needs by providing women skill development programs.,women_empowerment
The project will provide sanitation infrastructure for underserved villages in aspirational districts.,water_sanitation
disaster affected families in flood affected districts will receive support through disaster recovery programs.,disaster_management
The proposed project addresses community needs by providing women employment initiatives.,women_empowerment
The initiative will use community infrastructure projects to improve quality of life in rural villages.,rural_development
The program will expand community inclusion programs across low income communities to increase equal opportunities.,social_inequality
The program focuses on child healthcare services for rural families living in rural districts.,healthcare
A new recycling facilities program will be implemented for rural communities.,environment
The proposed project addresses community needs by providing sports infrastructure development.,sports
The program will expand sports coaching across remote villages to support young athletes.,sports
The organization plans to develop maternal healthcare services for communities in rural districts.,healthcare
The program will expand women skill development programs across aspirational districts to increase women's economic independence.,women_empowerment
The initiative will establish women business development programs to support women from low income households in aspirational districts.,women_empowerment
A new primary healthcare centres program will be implemented for rural families.,healthcare
The proposed project addresses community needs by providing medical camps.,healthcare
The initiative will establish school infrastructure improvement to support students in underserved areas in underserved communities.,education
The intervention will focus on disaster prone communities and aim to provide emergency assistance.,disaster_management
The proposed project addresses community needs by providing village infrastructure development.,rural_development
water stressed communities in rural villages will receive support through rainwater harvesting.,water_sanitation
The initiative will use maternal healthcare services to expand healthcare access in remote villages.,healthcare
A new community water facilities program will be implemented for school children.,water_sanitation
The proposed project addresses community needs by providing rainwater harvesting.,water_sanitation
The initiative will establish rural livelihood infrastructure to support village households in backward rural areas.,rural_development
The program focuses on library development programs for school children living in low income neighbourhoods.,education
women in underserved communities in aspirational districts will receive support through gender equality programs.,women_empowerment
The project will provide computer education programs for young learners in underserved communities.,education
The project aims to improve environmental sustainability through solar energy installations.,environment
The intervention will focus on village households and aim to improve rural infrastructure.,rural_development
The project aims to develop sporting talent through community sports centres.,sports
The intervention will focus on remote communities and aim to support community development.,rural_development
The program will expand mobile healthcare clinics across remote villages to improve access to healthcare.,healthcare
The program will expand vocational training across aspirational districts to increase employment opportunities.,livelihood
The project will provide remedial education programs for school children in underserved communities.,education
The project will provide vocational training for economically disadvantaged communities in small towns.,livelihood
The initiative will establish environmental awareness programs to support future generations in villages.,environment
The organization plans to develop women business development programs for communities in remote villages.,women_empowerment
The CSR project will implement toilet construction to help remote communities.,water_sanitation
The project aims to improve access to sports facilities through grassroots sports development.,sports
The intervention will focus on rural youth and aim to increase youth participation in sports.,sports
The program will expand emergency response programs across flood affected districts to provide emergency assistance.,disaster_management
The organization plans to develop equal opportunity programs for communities in rural districts.,social_inequality
The intervention will focus on women entrepreneurs and aim to support women entrepreneurs.,women_empowerment
The program focuses on employment training for rural workers living in rural districts.,livelihood
The project will provide preventive healthcare programs for underserved communities in low access communities.,healthcare
The program focuses on water purification systems for low income families living in remote communities.,water_sanitation
The initiative will use teacher training to improve student outcomes in government schools.,education
The initiative will establish sports infrastructure development to support young athletes in remote villages.,sports
The proposed project addresses community needs by providing assistive support programs.,social_inequality
The project will provide land restoration programs for farmers in degraded land areas.,environment
The project will provide workforce development programs for women entrepreneurs in small towns.,livelihood
The program will expand forest restoration across villages to reduce waste generation.,environment
The intervention will focus on young adults and aim to improve employability.,livelihood
The project aims to restore degraded ecosystems through tree plantation programs.,environment
The initiative will use mobile healthcare clinics to reduce barriers to medical treatment in underserved regions.,healthcare
The initiative will establish telemedicine services to support underserved communities in remote tribal areas.,healthcare
The program will expand community health centres across low access communities to reduce barriers to medical treatment.,healthcare
The initiative will establish watershed conservation to support vulnerable communities in environmentally vulnerable regions.,environment
The program will expand education technology programs across remote districts to reduce educational inequality.,education
The initiative will use skill development programs to improve income generation in low income areas.,livelihood
The initiative will use emergency shelter development to restore community infrastructure in vulnerable villages.,disaster_management
The organization plans to develop small business training for communities in aspirational districts.,livelihood
The organization plans to develop community centre construction for communities in underserved rural regions.,rural_development
The project aims to improve disaster preparedness through disaster relief programs.,disaster_management
The program focuses on wastewater management for school children living in rural villages.,water_sanitation
The project will provide sports infrastructure development for young athletes in small towns.,sports
A new scholarship programs program will be implemented for children from disadvantaged communities.,education
The initiative will establish women skill development programs to support rural women in low income communities.,women_empowerment
The CSR project will implement rainwater harvesting to help low income families.,water_sanitation
The initiative will establish self help group development to support young women in remote villages.,women_empowerment
The organization plans to develop accessibility programs for communities in remote villages.,social_inequality
The organization plans to develop job readiness programs for communities in small towns.,livelihood
The program focuses on watershed conservation for future generations living in water stressed areas.,environment
The project aims to improve employability through small business training.,livelihood
The project will provide gender equality programs for women in underserved communities in underserved districts.,women_empowerment
elderly residents in underserved regions will receive support through community health centres.,healthcare
A new post disaster rehabilitation program will be implemented for disaster prone communities.,disaster_management
The initiative will use community centre construction to support community development in aspirational districts.,rural_development
The program focuses on employment training for women entrepreneurs living in remote villages.,livelihood
young women in low income communities will receive support through women entrepreneurship programs.,women_empowerment
students in underserved areas in underserved communities will receive support through remedial education programs.,education
The program will expand education technology programs across underserved communities to improve access to quality education.,education
elderly residents in aspirational districts will receive support through maternal healthcare services.,healthcare
The CSR project will implement rural road improvement to help low income rural families.,rural_development
The CSR project will implement disaster relief programs to help disaster affected families.,disaster_management
women and children in aspirational districts will receive support through maternal healthcare services.,healthcare
The initiative will establish village infrastructure development to support remote communities in aspirational districts.,rural_development
A new self help group training program will be implemented for job seekers.,livelihood
The intervention will focus on remote villages and aim to improve health outcomes.,healthcare
The organization plans to develop women employment initiatives for communities in aspirational districts.,women_empowerment
The initiative will establish rainwater harvesting to support remote communities in rural villages.,water_sanitation
school students in government schools will receive support through community sports centres.,sports
The intervention will focus on rural youth and aim to improve access to sports facilities.,sports
The intervention will focus on rural students and aim to increase learning opportunities.,education
The program focuses on computer education programs for children from disadvantaged communities living in low income neighbourhoods.,education
The program will expand rural road improvement across underserved rural regions to improve rural infrastructure.,rural_development
The initiative will use education technology programs to increase learning opportunities in government schools.,education
The initiative will establish teacher training to support rural students in rural schools.,education
The intervention will focus on rural communities and aim to improve rural connectivity.,rural_development
The intervention will focus on disaster affected families and aim to restore community infrastructure.,disaster_management
The initiative will use water purification systems to improve sanitation in water stressed districts.,water_sanitation
The project will provide flood rehabilitation for disaster affected families in coastal communities.,disaster_management
The program will expand water treatment facilities across rural villages to increase access to safe drinking water.,water_sanitation
The initiative will use community infrastructure projects to support community development in backward rural areas.,rural_development
The project aims to improve sanitation through community water facilities.,water_sanitation
The project aims to increase preventive healthcare coverage through primary healthcare centres.,healthcare
The proposed project addresses community needs by providing preventive healthcare programs.,healthcare
The initiative will establish post disaster rehabilitation to support disaster prone communities in coastal communities.,disaster_management
The organization plans to develop community infrastructure projects for communities in underserved rural regions.,rural_development
The program will expand village infrastructure development across backward rural areas to increase access to basic services.,rural_development
vulnerable populations in underserved regions will receive support through assistive support programs.,social_inequality
The intervention will focus on disaster affected families and aim to provide emergency assistance.,disaster_management
The proposed project addresses community needs by providing forest restoration.,environment
The project aims to provide timely medical assistance through primary healthcare centres.,healthcare
The project aims to improve employment opportunities for women through female entrepreneurship support.,women_empowerment
The project will provide women employment initiatives for rural women in remote villages.,women_empowerment
The program focuses on digital classrooms for low income students living in underserved communities.,education
The proposed project addresses community needs by providing tree plantation programs.,environment
The intervention will focus on remote villages and aim to increase preventive healthcare coverage.,healthcare
The organization plans to develop livelihood development programs for communities in low income areas.,livelihood
The initiative will use integrated rural development to improve rural infrastructure in aspirational districts.,rural_development
The project will provide job readiness programs for young adults in rural districts.,livelihood
The proposed project addresses community needs by providing village development programs.,rural_development
The initiative will establish post disaster rehabilitation to support affected rural populations in rural districts.,disaster_management
The project aims to expand healthcare access through child healthcare services.,healthcare
The program will expand support programs for disadvantaged groups across rural districts to improve accessibility.,social_inequality
underprivileged youth in underserved districts will receive support through grassroots sports development.,sports
The intervention will focus on underserved communities and aim to reduce social inequalities.,social_inequality
The CSR project will implement sanitation infrastructure to help school children.,water_sanitation
The proposed project addresses community needs by providing rural sanitation programs.,water_sanitation
The intervention will focus on vulnerable households and aim to restore community infrastructure.,disaster_management
The intervention will focus on farmers and aim to reduce waste generation.,environment
The program focuses on support for marginalized communities for underserved communities living in urban communities.,social_inequality
The program focuses on rural livelihood infrastructure for farmers living in rural villages.,rural_development
farmers in water stressed areas will receive support through biodiversity conservation.,environment
school children in rural villages will receive support through water purification systems.,water_sanitation
The program will expand support for marginalized communities across remote villages to reduce social inequalities.,social_inequality
A new clean drinking water systems program will be implemented for remote communities.,water_sanitation
A new library development programs program will be implemented for rural students.,education
The CSR project will implement disaster preparedness training to help affected rural populations.,disaster_management
The intervention will focus on remote communities and aim to improve quality of life.,rural_development
farmers in water stressed areas will receive support through renewable energy projects.,environment
The initiative will use integrated rural development to increase access to basic services in backward rural areas.,rural_development
The CSR project will implement health screening programs to help children and families.,healthcare
The program focuses on assistive support programs for marginalized communities living in low income communities.,social_inequality
The proposed project addresses community needs by providing financial literacy programs for women.,women_empowerment
The intervention will focus on women in underserved communities and aim to improve women's participation in the workforce.,women_empowerment
The organization plans to develop learning resource centres for communities in remote districts.,education
low income households in low income communities will receive support through support for marginalized communities.,social_inequality
The organization plans to develop preventive healthcare programs for communities in remote tribal areas.,healthcare
The initiative will establish women entrepreneurship programs to support women entrepreneurs in underserved districts.,women_empowerment
The project will provide disaster relief programs for flood affected communities in vulnerable villages.,disaster_management
The project will provide grassroots sports development for rural youth in underserved districts.,sports
The program will expand sports infrastructure development across underserved districts to support young athletes.,sports
The project aims to support women entrepreneurs through financial literacy programs for women.,women_empowerment
The CSR project will implement scholarship programs to help rural students.,education
The program focuses on village development programs for rural communities living in rural villages.,rural_development
The initiative will use waste management systems to improve environmental sustainability in water stressed areas.,environment
The program focuses on water treatment facilities for water stressed communities living in rural villages.,water_sanitation
The initiative will establish equal opportunity programs to support marginalized communities in underserved regions.,social_inequality
The organization plans to develop water treatment facilities for communities in underserved regions.,water_sanitation
The project will provide emergency response programs for flood affected communities in disaster prone regions.,disaster_management
The program will expand waste management systems across degraded land areas to increase renewable energy access.,environment
The intervention will focus on economically disadvantaged communities and aim to support sustainable livelihoods.,livelihood
The project aims to restore degraded ecosystems through land restoration programs.,environment
The organization plans to develop library development programs for communities in underserved communities.,education
The intervention will focus on women and children and aim to provide timely medical assistance.,healthcare
The initiative will establish environmental awareness programs to support local residents in villages.,environment
The initiative will use women skill development programs to support women entrepreneurs in underserved districts.,women_empowerment
The project will provide financial literacy programs for women for female workers in aspirational districts.,women_empowerment
The program focuses on flood rehabilitation for affected rural populations living in flood affected districts.,disaster_management
The initiative will establish preventive healthcare programs to support women and children in rural districts.,healthcare
The program will expand disaster relief programs across flood affected districts to improve disaster preparedness.,disaster_management
The CSR project will implement support programs for disadvantaged groups to help low income households.,social_inequality
A new waste management systems program will be implemented for communities near degraded ecosystems.,environment
The CSR project will implement clean drinking water systems to help underserved villages.,water_sanitation
A new school infrastructure improvement program will be implemented for low income students.,education
underserved communities in rural districts will receive support through community health centres.,healthcare
The project aims to improve local biodiversity through solar energy installations.,environment
The organization plans to develop toilet construction for communities in rural villages.,water_sanitation
The CSR project will implement job readiness programs to help job seekers.,livelihood
economically disadvantaged communities in remote villages will receive support through self help group training.,livelihood
The initiative will establish women employment initiatives to support women from low income households in rural communities.,women_empowerment
The program will expand education technology programs across aspirational districts to increase learning opportunities.,education
school children in underserved regions will receive support through sanitation infrastructure.,water_sanitation
The project will provide community water facilities for school children in rural villages.,water_sanitation
The CSR project will implement disability inclusion initiatives to help persons with disabilities.,social_inequality
The organization plans to develop employment training for communities in rural districts.,livelihood
The program focuses on support for marginalized communities for vulnerable populations living in remote villages.,social_inequality
The initiative will establish disaster recovery programs to support vulnerable households in disaster prone regions.,disaster_management
The initiative will use recycling facilities to reduce waste generation in water stressed areas.,environment
The CSR project will implement sports equipment programs to help children from disadvantaged communities.,sports
The project aims to reduce social inequalities through disability inclusion initiatives.,social_inequality
The initiative will establish sports training programs to support children from disadvantaged communities in remote villages.,sports
The project will provide learning resource centres for school children in low income neighbourhoods.,education
The intervention will focus on rural women and aim to promote gender equality.,women_empowerment
The initiative will use toilet construction to improve community health in water stressed districts.,water_sanitation
The organization plans to develop flood rehabilitation for communities in disaster prone regions.,disaster_management
The organization plans to develop entrepreneurship training for communities in aspirational districts.,livelihood
The program will expand emergency shelter development across rural districts to provide emergency assistance.,disaster_management
The program focuses on athlete development programs for school students living in underserved districts.,sports
The initiative will establish community sports centres to support young athletes in government schools.,sports
The program will expand after school learning programs across government schools to increase digital literacy.,education
The initiative will use small business training to improve employability in low income areas.,livelihood
The program will expand job readiness programs across rural districts to develop job ready skills.,livelihood
vulnerable populations in urban communities will receive support through assistive support programs.,social_inequality
The program will expand rural sanitation programs across aspirational districts to increase access to safe drinking water.,water_sanitation
The initiative will establish sports coaching to support rural youth in underserved districts.,sports
The project will provide water treatment facilities for remote communities in underserved regions.,water_sanitation
The program will expand small business training across remote villages to increase employment opportunities.,livelihood
low income rural families in rural villages will receive support through village development programs.,rural_development
The program will expand solar energy installations across villages to increase renewable energy access.,environment
The project aims to support sustainable livelihoods through small business training.,livelihood
The intervention will focus on future generations and aim to reduce waste generation.,environment
rural women in rural communities will receive support through gender equality programs.,women_empowerment
The program will expand disability inclusion initiatives across low income communities to improve accessibility.,social_inequality
school students in government schools will receive support through sports infrastructure development.,sports
The project will provide community infrastructure projects for rural communities in aspirational districts.,rural_development
The CSR project will implement integrated rural development to help low income rural families.,rural_development
persons with disabilities in rural districts will receive support through community inclusion programs.,social_inequality
The initiative will establish sports equipment programs to support children from disadvantaged communities in underserved districts.,sports
The intervention will focus on children from disadvantaged communities and aim to increase digital literacy.,education
The CSR project will implement village development programs to help farmers.,rural_development
The program will expand self help group development across aspirational districts to improve employment opportunities for women.,women_empowerment
The CSR project will implement women entrepreneurship programs to help female workers.,women_empowerment
The project aims to improve local biodiversity through land restoration programs.,environment
A new learning resource centres program will be implemented for children from disadvantaged communities.,education
The proposed project addresses community needs by providing toilet construction.,water_sanitation
The project will provide remedial education programs for children from disadvantaged communities in low income neighbourhoods.,education
The organization plans to develop health screening programs for communities in rural districts.,healthcare
The intervention will focus on rural communities and aim to support community development.,rural_development
The program will expand post disaster rehabilitation across rural districts to support disaster recovery.,disaster_management
young learners in underserved communities will receive support through teacher training.,education
The initiative will use community health centres to reduce barriers to medical treatment in aspirational districts.,healthcare
The program focuses on emergency response programs for vulnerable households living in flood affected districts.,disaster_management
The initiative will establish emergency shelter development to support disaster affected families in coastal communities.,disaster_management
The initiative will establish recycling facilities to support rural communities in environmentally vulnerable regions.,environment
The organization plans to develop vocational training for communities in low income areas.,livelihood
The initiative will use remedial education programs to improve student outcomes in underserved communities.,education
The project aims to improve rural connectivity through rural livelihood infrastructure.,rural_development
The project aims to improve rural connectivity through village development programs.,rural_development
The project will provide community inclusion programs for marginalized communities in rural districts.,social_inequality
The initiative will establish sports training programs to support school students in rural communities.,sports
The initiative will establish livelihood development programs to support low income households in remote villages.,livelihood
The project aims to improve local biodiversity through biodiversity conservation.,environment
flood affected communities in rural districts will receive support through disaster recovery programs.,disaster_management
The intervention will focus on underserved communities and aim to expand healthcare access.,healthcare
The initiative will use financial literacy programs for women to improve employment opportunities for women in rural communities.,women_empowerment
The initiative will use toilet construction to improve sanitation in aspirational districts.,water_sanitation
The project aims to increase preventive healthcare coverage through telemedicine services.,healthcare
The proposed project addresses community needs by providing small business training.,livelihood
The program focuses on female entrepreneurship support for women from low income households living in underserved districts.,women_empowerment
The project aims to provide emergency assistance through disaster recovery programs.,disaster_management
The proposed project addresses community needs by providing support programs for disadvantaged groups.,social_inequality
A new diagnostic facilities program will be implemented for children and families.,healthcare
women entrepreneurs in rural communities will receive support through women employment initiatives.,women_empowerment
The CSR project will implement support for marginalized communities to help low income households.,social_inequality
The CSR project will implement rural livelihood infrastructure to help remote communities.,rural_development
The CSR project will implement renewable energy projects to help local residents.,environment
The program focuses on diagnostic facilities for underserved communities living in underserved regions.,healthcare
The CSR project will implement disaster recovery programs to help vulnerable households.,disaster_management
The program will expand female entrepreneurship support across remote villages to promote gender equality.,women_empowerment
The program focuses on disability inclusion initiatives for underserved communities living in remote villages.,social_inequality
The CSR project will implement clean drinking water systems to help remote communities.,water_sanitation
The program focuses on village infrastructure development for remote communities living in rural villages.,rural_development
The CSR project will implement tree plantation programs to help vulnerable communities.,environment
The program focuses on gender equality programs for young women living in low income communities.,women_empowerment
The program will expand watershed conservation across rural districts to improve local biodiversity.,environment
The initiative will establish post disaster rehabilitation to support affected rural populations in vulnerable villages.,disaster_management
The program focuses on workforce development programs for rural workers living in rural districts.,livelihood
The organization plans to develop tree plantation programs for communities in environmentally vulnerable regions.,environment
The CSR project will implement rainwater harvesting to help underserved villages.,water_sanitation
The program focuses on community water facilities for remote communities living in remote communities.,water_sanitation
The intervention will focus on underserved villages and aim to improve community health.,water_sanitation
The project will provide watershed conservation for farmers in water stressed areas.,environment
The CSR project will implement post disaster rehabilitation to help disaster affected families.,disaster_management
The initiative will establish medical camps to support underserved communities in low access communities.,healthcare
The project will provide water treatment facilities for water stressed communities in remote communities.,water_sanitation
The program focuses on health screening programs for marginalized communities living in remote villages.,healthcare
The program will expand toilet construction across remote communities to reduce waterborne disease risks.,water_sanitation
The project aims to restore community infrastructure through disaster relief programs.,disaster_management
The initiative will use rural road improvement to increase access to basic services in rural villages.,rural_development
The program will expand small business training across underserved communities to develop job ready skills.,livelihood
A new medical camps program will be implemented for remote villages.,healthcare
The intervention will focus on children and families and aim to increase preventive healthcare coverage.,healthcare
The organization plans to develop community infrastructure projects for communities in remote districts.,rural_development
The intervention will focus on low income families and aim to reduce waterborne disease risks.,water_sanitation
The initiative will establish livelihood development programs to support low income households in low income areas.,livelihood
A new renewable energy projects program will be implemented for rural communities.,environment
The intervention will focus on government school students and aim to increase digital literacy.,education
A new women skill development programs program will be implemented for women in underserved communities.,women_empowerment
The program focuses on youth sports programs for young athletes living in small towns.,sports
school children in aspirational districts will receive support through wastewater management.,water_sanitation
The project aims to improve employment opportunities for women through women skill development programs.,women_empowerment
The organization plans to develop disaster relief programs for communities in coastal communities.,disaster_management
The program focuses on women leadership training for women in underserved communities living in remote villages.,women_empowerment
The initiative will use athlete development programs to increase youth participation in sports in underserved districts.,sports
The proposed project addresses community needs by providing community inclusion programs.,social_inequality
The project aims to improve access to quality education through remedial education programs.,education
communities near degraded ecosystems in rural districts will receive support through land restoration programs.,environment
The program focuses on support programs for disadvantaged groups for persons with disabilities living in rural districts.,social_inequality
The project will provide women entrepreneurship programs for women entrepreneurs in remote villages.,women_empowerment
The proposed project addresses community needs by providing water treatment facilities.,water_sanitation
The project will provide rural livelihood infrastructure for village households in remote districts.,rural_development
The initiative will establish after school learning programs to support government school students in low income neighbourhoods.,education
The project aims to improve disaster preparedness through emergency shelter development.,disaster_management
The intervention will focus on school children and aim to increase access to safe drinking water.,water_sanitation
The initiative will use forest restoration to restore degraded ecosystems in villages.,environment
The program will expand community centre construction across remote districts to improve rural infrastructure.,rural_development
The program focuses on community sports centres for young athletes living in small towns.,sports
underserved villages in remote communities will receive support through wastewater management.,water_sanitation
The CSR project will implement primary healthcare centres to help marginalized communities.,healthcare
The organization plans to develop equal opportunity programs for communities in underserved regions.,social_inequality
The project aims to support disadvantaged populations through social inclusion programs.,social_inequality
The initiative will establish water treatment facilities to support rural households in water stressed districts.,water_sanitation
The initiative will use gender equality programs to improve employment opportunities for women in low income communities.,women_empowerment
The intervention will focus on women entrepreneurs and aim to improve women's participation in the workforce.,women_empowerment
The program will expand disaster preparedness training across coastal communities to restore community infrastructure.,disaster_management
The initiative will establish community infrastructure projects to support low income rural families in aspirational districts.,rural_development
The initiative will establish equal opportunity programs to support underserved communities in remote villages.,social_inequality
A new youth sports programs program will be implemented for young athletes.,sports
rural communities in rural villages will receive support through rural road improvement.,rural_development
farmers in degraded land areas will receive support through solar energy installations.,environment
The CSR project will implement digital classrooms to help school children.,education
The project will provide workforce development programs for job seekers in aspirational districts.,livelihood
The program will expand mobile healthcare clinics across rural districts to reduce barriers to medical treatment.,healthcare
The CSR project will implement social inclusion programs to help vulnerable populations.,social_inequality
farmers in rural villages will receive support through community centre construction.,rural_development
The proposed project addresses community needs by providing sanitation infrastructure.,water_sanitation
The initiative will establish skill development programs to support low income households in low income areas.,livelihood
farmers in underserved rural regions will receive support through rural road improvement.,rural_development
The intervention will focus on low income rural families and aim to improve quality of life.,rural_development
The intervention will focus on local residents and aim to reduce environmental pollution.,environment
The proposed project addresses community needs by providing social inclusion programs.,social_inequality
A new after school learning programs program will be implemented for low income students.,education
The project will provide vocational training for young adults in aspirational districts.,livelihood
The project aims to support community development through rural livelihood infrastructure.,rural_development
The initiative will use sports training programs to improve access to sports facilities in underserved districts.,sports
The program focuses on sports coaching for children from disadvantaged communities living in remote villages.,sports
The program will expand wastewater management across water stressed districts to improve community health.,water_sanitation
The program focuses on accessibility programs for marginalized communities living in rural districts.,social_inequality
The initiative will establish equal opportunity programs to support underserved communities in urban communities.,social_inequality
A new grassroots sports development program will be implemented for rural youth.,sports
The initiative will establish employment training to support job seekers in remote villages.,livelihood
The program will expand women skill development programs across underserved districts to increase financial independence.,women_empowerment
The program will expand grassroots sports development across remote villages to support young athletes.,sports
A new after school learning programs program will be implemented for children from disadvantaged communities.,education
The initiative will use community inclusion programs to reduce social inequalities in rural districts.,social_inequality
The proposed project addresses community needs by providing watershed conservation.,environment
The program will expand support programs for disadvantaged groups across low income communities to increase social inclusion.,social_inequality
A new rural sanitation programs program will be implemented for school children.,water_sanitation
The program will expand grassroots sports development across rural communities to improve access to sports facilities.,sports
The proposed project addresses community needs by providing community sports centres.,sports
The program will expand sanitation infrastructure across rural villages to improve community health.,water_sanitation
The program focuses on preventive healthcare programs for marginalized communities living in rural districts.,healthcare
The program focuses on post disaster rehabilitation for disaster affected families living in rural districts.,disaster_management
The initiative will establish after school learning programs to support low income students in low income neighbourhoods.,education
The CSR project will implement sports infrastructure development to help rural youth.,sports
The initiative will use rural livelihood infrastructure to improve rural connectivity in rural villages.,rural_development
The project aims to increase access to basic services through integrated rural development.,rural_development
The CSR project will implement grassroots sports development to help children from disadvantaged communities.,sports
The CSR project will implement self help group development to help women from low income households.,women_empowerment
The program will expand livelihood development programs across small towns to increase economic independence.,livelihood
The initiative will use renewable energy projects to increase renewable energy access in villages.,environment
The initiative will use recycling facilities to reduce waste generation in environmentally vulnerable regions.,environment
A new education technology programs program will be implemented for government school students.,education
The program will expand sports coaching across government schools to improve access to sports facilities.,sports
rural households in aspirational districts will receive support through wastewater management.,water_sanitation
The project aims to increase social inclusion through support for marginalized communities.,social_inequality
The initiative will establish technical skills training to support unemployed youth in remote villages.,livelihood
The program will expand toilet construction across remote communities to improve hygiene.,water_sanitation
The project will provide accessibility programs for underserved communities in underserved regions.,social_inequality
The CSR project will implement assistive support programs to help persons with disabilities.,social_inequality
A new mobile healthcare clinics program will be implemented for women and children.,healthcare
The project will provide community health centres for remote villages in low access communities.,healthcare
The proposed project addresses community needs by providing support for marginalized communities.,social_inequality
The initiative will use skill development programs to support sustainable livelihoods in underserved communities.,livelihood
The project will provide sports infrastructure development for underprivileged youth in government schools.,sports
The project will provide maternal healthcare services for low income households in low access communities.,healthcare
The program focuses on water treatment facilities for school children living in aspirational districts.,water_sanitation
The program focuses on community inclusion programs for socially disadvantaged groups living in low income communities.,social_inequality
school children in remote communities will receive support through rainwater harvesting.,water_sanitation
The CSR project will implement health screening programs to help women and children.,healthcare
women in underserved communities in low income communities will receive support through gender equality programs.,women_empowerment
The proposed project addresses community needs by providing emergency response programs.,disaster_management
The proposed project addresses community needs by providing renewable energy projects.,environment
The intervention will focus on vulnerable communities and aim to improve local biodiversity.,environment
The intervention will focus on young learners and aim to reduce educational inequality.,education
The initiative will establish athlete development programs to support children from disadvantaged communities in underserved districts.,sports
The organization plans to develop community sports centres for communities in underserved districts.,sports
The project aims to reduce barriers to medical treatment through primary healthcare centres.,healthcare
The CSR project will implement emergency shelter development to help flood affected communities.,disaster_management
The CSR project will implement learning resource centres to help students in underserved areas.,education
The project aims to improve sanitation through toilet construction.,water_sanitation
The project aims to support community development through village infrastructure development.,rural_development
A new sports infrastructure development program will be implemented for rural youth.,sports
The initiative will establish computer education programs to support young learners in aspirational districts.,education
The CSR project will implement solar energy installations to help local residents.,environment
The intervention will focus on underserved villages and aim to increase access to safe drinking water.,water_sanitation
The organization plans to develop social inclusion programs for communities in remote villages.,social_inequality
The program will expand self help group training across aspirational districts to develop job ready skills.,livelihood
The initiative will establish environmental awareness programs to support vulnerable communities in environmentally vulnerable regions.,environment
The project aims to support disadvantaged populations through accessibility programs.,social_inequality
The CSR project will implement skill development programs to help rural workers.,livelihood
The organization plans to develop athlete development programs for communities in small towns.,sports
The organization plans to develop toilet construction for communities in water stressed districts.,water_sanitation
The program will expand social inclusion programs across remote villages to increase equal opportunities.,social_inequality
The proposed project addresses community needs by providing biodiversity conservation.,environment
The initiative will establish post disaster rehabilitation to support disaster affected families in coastal communities.,disaster_management
The project aims to increase digital literacy through remedial education programs.,education
vulnerable populations in rural districts will receive support through disability inclusion initiatives.,social_inequality
The organization plans to develop health screening programs for communities in remote tribal areas.,healthcare
The project aims to improve access to sports facilities through sports infrastructure development.,sports
The program focuses on water treatment facilities for school children living in water stressed districts.,water_sanitation
The program will expand women business development programs across rural communities to support women entrepreneurs.,women_empowerment
The organization plans to develop solar energy installations for communities in villages.,environment
The program will expand technical skills training across small towns to improve income generation.,livelihood
The intervention will focus on school children and aim to support school participation.,education
A new toilet construction program will be implemented for water stressed communities.,water_sanitation
The initiative will use assistive support programs to increase social inclusion in urban communities.,social_inequality
The intervention will focus on young learners and aim to increase digital literacy.,education
The initiative will establish gender equality programs to support rural women in remote villages.,women_empowerment
A new emergency shelter development program will be implemented for vulnerable households.,disaster_management
The initiative will use female entrepreneurship support to promote gender equality in aspirational districts.,women_empowerment
The initiative will use sports infrastructure development to improve access to sports facilities in rural communities.,sports
A new small business training program will be implemented for rural workers.,livelihood
The program focuses on athlete development programs for children from disadvantaged communities living in government schools.,sports
The proposed project addresses community needs by providing diagnostic facilities.,healthcare
affected rural populations in flood affected districts will receive support through emergency shelter development.,disaster_management
The intervention will focus on marginalized communities and aim to increase equal opportunities.,social_inequality
The project will provide telemedicine services for women and children in remote villages.,healthcare
The proposed project addresses community needs by providing disability inclusion initiatives.,social_inequality
The initiative will establish rural road improvement to support remote communities in backward rural areas.,rural_development
The intervention will focus on women entrepreneurs and aim to promote gender equality.,women_empowerment
The program will expand support programs for disadvantaged groups across underserved regions to improve accessibility.,social_inequality
The intervention will focus on underprivileged youth and aim to develop sporting talent.,sports
The project aims to support disaster recovery through disaster preparedness training.,disaster_management
The CSR project will implement youth sports programs to help school students.,sports
The organization plans to develop disaster recovery programs for communities in disaster prone regions.,disaster_management
rural students in low income neighbourhoods will receive support through remedial education programs.,education
The program focuses on remedial education programs for low income students living in low income neighbourhoods.,education
The intervention will focus on vulnerable communities and aim to reduce environmental pollution.,environment
The project will provide rural sanitation programs for low income families in rural villages.,water_sanitation
A new athlete development programs program will be implemented for children from disadvantaged communities.,sports
The intervention will focus on rural communities and aim to restore degraded ecosystems.,environment
The project aims to increase economic independence through technical skills training.,livelihood
children and families in remote villages will receive support through maternal healthcare services.,healthcare
The intervention will focus on affected rural populations and aim to restore community infrastructure.,disaster_management
A new diagnostic facilities program will be implemented for remote villages.,healthcare
The project aims to improve women's participation in the workforce through women employment initiatives.,women_empowerment
The project aims to improve access to healthcare through mobile healthcare clinics.,healthcare
A new disaster relief programs program will be implemented for vulnerable households.,disaster_management
marginalized communities in rural districts will receive support through disability inclusion initiatives.,social_inequality
The CSR project will implement post disaster rehabilitation to help affected rural populations.,disaster_management
The proposed project addresses community needs by providing gender equality programs.,women_empowerment
local residents in villages will receive support through renewable energy projects.,environment
The project will provide support programs for disadvantaged groups for underserved communities in remote villages.,social_inequality
The organization plans to develop technical skills training for communities in low income areas.,livelihood
The organization plans to develop sanitation infrastructure for communities in water stressed districts.,water_sanitation
The organization plans to develop community health centres for communities in rural districts.,healthcare
The initiative will use learning resource centres to reduce educational inequality in underserved communities.,education
The project aims to expand healthcare access through maternal healthcare services.,healthcare
The program focuses on livelihood development programs for rural workers living in rural districts.,livelihood
village households in remote districts will receive support through rural road improvement.,rural_development
The program focuses on biodiversity conservation for communities near degraded ecosystems living in water stressed areas.,environment
The initiative will establish sports training programs to support school students in remote villages.,sports
The project will provide community infrastructure projects for remote communities in remote districts.,rural_development
The CSR project will implement workforce development programs to help young adults.,livelihood
The intervention will focus on government school students and aim to improve student outcomes.,education
The CSR project will implement teacher training to help young learners.,education
The organization plans to develop medical camps for communities in remote tribal areas.,healthcare
The organization plans to develop rural connectivity projects for communities in backward rural areas.,rural_development
The program will expand preventive healthcare programs across low access communities to reduce barriers to medical treatment.,healthcare
The intervention will focus on low income students and aim to improve access to quality education.,education
The program focuses on preventive healthcare programs for low income households living in remote villages.,healthcare
female workers in underserved districts will receive support through women employment initiatives.,women_empowerment
The initiative will use village development programs to increase access to basic services in remote districts.,rural_development
The CSR project will implement rural livelihood infrastructure to help low income rural families.,rural_development
The organization plans to develop village development programs for communities in rural villages.,rural_development
The program focuses on environmental awareness programs for future generations living in rural districts.,environment
The initiative will establish watershed conservation to support local residents in water stressed areas.,environment
The project will provide computer education programs for rural students in low income neighbourhoods.,education
A new livelihood development programs program will be implemented for low income households.,livelihood
The organization plans to develop youth sports programs for communities in underserved districts.,sports
The program focuses on digital classrooms for rural students living in underserved communities.,education
The project will provide primary healthcare centres for rural families in underserved regions.,healthcare
The intervention will focus on young learners and aim to increase learning opportunities.,education
The proposed project addresses community needs by providing rural connectivity projects.,rural_development
The CSR project will implement emergency response programs to help flood affected communities.,disaster_management
The initiative will establish community water facilities to support remote communities in water stressed districts.,water_sanitation
The program focuses on disaster relief programs for affected rural populations living in coastal communities.,disaster_management
The intervention will focus on children from disadvantaged communities and aim to promote physical activity.,sports
The initiative will use post disaster rehabilitation to provide emergency assistance in vulnerable villages.,disaster_management
The program focuses on livelihood development programs for unemployed youth living in underserved communities.,livelihood
The program will expand solar energy installations across degraded land areas to reduce environmental pollution.,environment
young athletes in government schools will receive support through youth sports programs.,sports
The intervention will focus on flood affected communities and aim to provide emergency assistance.,disaster_management
The intervention will focus on vulnerable populations and aim to support disadvantaged populations.,social_inequality
The organization plans to develop financial literacy programs for women for communities in aspirational districts.,women_empowerment
A new rural livelihood infrastructure program will be implemented for low income rural families.,rural_development
The project aims to promote physical activity through sports training programs.,sports
The proposed project addresses community needs by providing accessibility programs.,social_inequality
The program will expand youth sports programs across small towns to increase youth participation in sports.,sports
future generations in villages will receive support through environmental awareness programs.,environment
low income families in underserved regions will receive support through water treatment facilities.,water_sanitation
The program will expand grassroots sports development across government schools to promote physical activity.,sports
The proposed project addresses community needs by providing after school learning programs.,education
The CSR project will implement gender equality programs to help women in underserved communities.,women_empowerment
A new village development programs program will be implemented for farmers.,rural_development
The initiative will establish telemedicine services to support low income households in low access communities.,healthcare
The intervention will focus on young adults and aim to support sustainable livelihoods.,livelihood
The project will provide community inclusion programs for vulnerable populations in remote villages.,social_inequality
The proposed project addresses community needs by providing skill development programs.,livelihood
The program focuses on solar energy installations for future generations living in environmentally vulnerable regions.,environment
The CSR project will implement social inclusion programs to help socially disadvantaged groups.,social_inequality
The CSR project will implement women leadership training to help young women.,women_empowerment
The project will provide tree plantation programs for rural communities in degraded land areas.,environment
The CSR project will implement rainwater harvesting to help rural households.,water_sanitation
The organization plans to develop flood rehabilitation for communities in rural districts.,disaster_management
The project aims to improve hygiene through sanitation infrastructure.,water_sanitation
A new renewable energy projects program will be implemented for vulnerable communities.,environment
The program focuses on athlete development programs for children from disadvantaged communities living in rural communities.,sports
The intervention will focus on affected rural populations and aim to support disaster recovery.,disaster_management
The proposed project addresses community needs by providing learning resource centres.,education
The program focuses on community water facilities for underserved villages living in underserved regions.,water_sanitation
The initiative will establish diagnostic facilities to support low income households in low access communities.,healthcare
The intervention will focus on low income households and aim to improve health outcomes.,healthcare
The organization plans to develop women employment initiatives for communities in low income communities.,women_empowerment
The project aims to reduce social inequalities through accessibility programs.,social_inequality
The initiative will use social inclusion programs to support disadvantaged populations in urban communities.,social_inequality
The proposed project addresses community needs by providing equal opportunity programs.,social_inequality
The program focuses on emergency response programs for disaster prone communities living in vulnerable villages.,disaster_management
The project will provide self help group development for rural women in remote villages.,women_empowerment
A new land restoration programs program will be implemented for vulnerable communities.,environment
The project will provide preventive healthcare programs for children and families in rural districts.,healthcare
The CSR project will implement self help group training to help women entrepreneurs.,livelihood
The proposed project addresses community needs by providing rural road improvement.,rural_development
A new support programs for disadvantaged groups program will be implemented for marginalized communities.,social_inequality
The CSR project will implement emergency response programs to help affected rural populations.,disaster_management
The proposed project addresses community needs by providing women business development programs.,women_empowerment
The proposed project addresses community needs by providing disaster recovery programs.,disaster_management
The initiative will establish rural connectivity projects to support village households in underserved rural regions.,rural_development
The project will provide sports training programs for children from disadvantaged communities in remote villages.,sports
The organization plans to develop sports training programs for communities in small towns.,sports
The proposed project addresses community needs by providing land restoration programs.,environment
The initiative will use wastewater management to improve community health in remote communities.,water_sanitation
The intervention will focus on remote communities and aim to improve rural infrastructure.,rural_development
The project aims to develop sporting talent through sports infrastructure development.,sports
The program will expand watershed conservation across environmentally vulnerable regions to improve local biodiversity.,environment
The program will expand village development programs across remote districts to increase access to basic services.,rural_development
The proposed project addresses community needs by providing community infrastructure projects.,rural_development
The initiative will establish computer education programs to support low income students in rural schools.,education
water stressed communities in underserved regions will receive support through rural sanitation programs.,water_sanitation
The project will provide education technology programs for rural students in low income neighbourhoods.,education
A new youth sports programs program will be implemented for rural youth.,sports
children from disadvantaged communities in underserved districts will receive support through sports equipment programs.,sports
A new entrepreneurship training program will be implemented for job seekers.,livelihood
The proposed project addresses community needs by providing post disaster rehabilitation.,disaster_management
The organization plans to develop land restoration programs for communities in degraded land areas.,environment
The program will expand emergency shelter development across disaster prone regions to restore community infrastructure.,disaster_management
flood affected communities in flood affected districts will receive support through community resilience programs.,disaster_management
The program will expand female entrepreneurship support across aspirational districts to support women entrepreneurs.,women_empowerment
The program will expand support programs for disadvantaged groups across rural districts to support disadvantaged populations.,social_inequality
The initiative will use telemedicine services to expand healthcare access in rural districts.,healthcare
The organization plans to develop primary healthcare centres for communities in aspirational districts.,healthcare
The proposed project addresses community needs by providing digital classrooms.,education
The project will provide clean drinking water systems for water stressed communities in water stressed districts.,water_sanitation
The project will provide disaster preparedness training for flood affected communities in disaster prone regions.,disaster_management
The project will provide digital classrooms for children from disadvantaged communities in underserved communities.,education
The organization plans to develop rural road improvement for communities in underserved rural regions.,rural_development
The program will expand solar energy installations across water stressed areas to improve environmental sustainability.,environment
The intervention will focus on low income households and aim to increase employment opportunities.,livelihood
The organization plans to develop job readiness programs for communities in aspirational districts.,livelihood
The project will provide disaster preparedness training for vulnerable households in flood affected districts.,disaster_management
female workers in low income communities will receive support through women employment initiatives.,women_empowerment
The program will expand women employment initiatives across aspirational districts to promote gender equality.,women_empowerment
The program will expand community infrastructure projects across underserved rural regions to improve rural connectivity.,rural_development
women and children in underserved regions will receive support through community health centres.,healthcare
The initiative will use community inclusion programs to support disadvantaged populations in rural districts.,social_inequality
The intervention will focus on farmers and aim to improve rural connectivity.,rural_development
The program focuses on livelihood development programs for job seekers living in small towns.,livelihood
The intervention will focus on rural students and aim to support school participation.,education
The initiative will use child healthcare services to reduce barriers to medical treatment in underserved regions.,healthcare
low income families in water stressed districts will receive support through toilet construction.,water_sanitation
A new sports coaching program will be implemented for school students.,sports
The program focuses on preventive healthcare programs for marginalized communities living in underserved regions.,healthcare
The project will provide flood rehabilitation for disaster prone communities in disaster prone regions.,disaster_management
The organization plans to develop flood rehabilitation for communities in flood affected districts.,disaster_management
The project aims to increase community resilience through emergency response programs.,disaster_management
The project will provide diagnostic facilities for low income households in remote villages.,healthcare
A new health screening programs program will be implemented for marginalized communities.,healthcare
The program will expand school infrastructure improvement across underserved communities to support school participation.,education
A new tree plantation programs program will be implemented for rural communities.,environment
children from disadvantaged communities in underserved communities will receive support through remedial education programs.,education
The project will provide flood rehabilitation for disaster affected families in vulnerable villages.,disaster_management
The initiative will use youth sports programs to improve access to sports facilities in underserved districts.,sports
The initiative will establish disaster relief programs to support disaster affected families in disaster prone regions.,disaster_management
job seekers in underserved communities will receive support through workforce development programs.,livelihood
The project will provide rural livelihood infrastructure for rural communities in underserved rural regions.,rural_development
The project aims to improve accessibility through community inclusion programs.,social_inequality
young learners in aspirational districts will receive support through computer education programs.,education
The intervention will focus on elderly residents and aim to improve access to healthcare.,healthcare
The program focuses on community resilience programs for affected rural populations living in disaster prone regions.,disaster_management
The program will expand social inclusion programs across urban communities to increase social inclusion.,social_inequality
The program will expand renewable energy projects across degraded land areas to restore degraded ecosystems.,environment
The organization plans to develop disaster preparedness training for communities in vulnerable villages.,disaster_management
A new rural sanitation programs program will be implemented for remote communities.,water_sanitation
The program will expand village development programs across backward rural areas to increase access to basic services.,rural_development
A new self help group development program will be implemented for women in underserved communities.,women_empowerment
The initiative will use environmental awareness programs to increase renewable energy access in rural districts.,environment
The program focuses on technical skills training for economically disadvantaged communities living in remote villages.,livelihood
The initiative will establish solar energy installations to support farmers in water stressed areas.,environment
The project aims to support community development through integrated rural development.,rural_development
The program will expand rural connectivity projects across underserved rural regions to improve rural infrastructure.,rural_development
The program will expand skill development programs across rural districts to support sustainable livelihoods.,livelihood
The program focuses on community sports centres for rural youth living in rural communities.,sports
The project aims to support sustainable livelihoods through livelihood development programs.,livelihood
The initiative will use community infrastructure projects to improve rural infrastructure in rural villages.,rural_development
The project will provide female entrepreneurship support for young women in rural communities.,women_empowerment
The initiative will use support programs for disadvantaged groups to increase equal opportunities in low income communities.,social_inequality
The proposed project addresses community needs by providing employment training.,livelihood
The program focuses on accessibility programs for low income households living in urban communities.,social_inequality
The intervention will focus on children from disadvantaged communities and aim to increase learning opportunities.,education
The proposed project addresses community needs by providing child healthcare services.,healthcare
The initiative will use child healthcare services to reduce barriers to medical treatment in low access communities.,healthcare
The project aims to reduce environmental pollution through environmental awareness programs.,environment
The program will expand community resilience programs across coastal communities to increase community resilience.,disaster_management
The intervention will focus on disaster prone communities and aim to improve disaster preparedness.,disaster_management
The CSR project will implement grassroots sports development to help young athletes.,sports
The program will expand disaster preparedness training across flood affected districts to support disaster recovery.,disaster_management
The initiative will establish female entrepreneurship support to support women entrepreneurs in remote villages.,women_empowerment
The program focuses on village infrastructure development for low income rural families living in underserved rural regions.,rural_development
The project aims to improve student outcomes through after school learning programs.,education
The CSR project will implement computer education programs to help young learners.,education
The program will expand rural livelihood infrastructure across remote districts to improve rural infrastructure.,rural_development
The initiative will establish watershed conservation to support farmers in degraded land areas.,environment
A new vocational training program will be implemented for rural workers.,livelihood
The program will expand social inclusion programs across rural districts to improve accessibility.,social_inequality
A new community resilience programs program will be implemented for disaster prone communities.,disaster_management
The organization plans to develop support programs for disadvantaged groups for communities in urban communities.,social_inequality
The CSR project will implement tree plantation programs to help communities near degraded ecosystems.,environment
The program focuses on community inclusion programs for vulnerable populations living in remote villages.,social_inequality
The initiative will establish tree plantation programs to support vulnerable communities in environmentally vulnerable regions.,environment
The intervention will focus on remote communities and aim to increase access to safe drinking water.,water_sanitation
The organization plans to develop disability inclusion initiatives for communities in urban communities.,social_inequality
The project will provide women employment initiatives for women from low income households in low income communities.,women_empowerment
The intervention will focus on rural women and aim to improve women's participation in the workforce.,women_empowerment
The initiative will establish livelihood development programs to support economically disadvantaged communities in small towns.,livelihood
disaster prone communities in coastal communities will receive support through post disaster rehabilitation.,disaster_management
The program will expand wastewater management across rural villages to reduce waterborne disease risks.,water_sanitation
The CSR project will implement community infrastructure projects to help farmers.,rural_development
The project will provide rural connectivity projects for village households in aspirational districts.,rural_development
A new disaster preparedness training program will be implemented for disaster prone communities.,disaster_management
A new disability inclusion initiatives program will be implemented for low income households.,social_inequality
The initiative will establish job readiness programs to support economically disadvantaged communities in aspirational districts.,livelihood
The organization plans to develop integrated rural development for communities in aspirational districts.,rural_development
The program focuses on village development programs for remote communities living in underserved rural regions.,rural_development
The CSR project will implement women employment initiatives to help women in underserved communities.,women_empowerment
The organization plans to develop education technology programs for communities in remote districts.,education
The intervention will focus on vulnerable communities and aim to increase renewable energy access.,environment
The initiative will establish child healthcare services to support children and families in remote villages.,healthcare
The CSR project will implement women employment initiatives to help women from low income households.,women_empowerment
The project aims to develop job ready skills through employment training.,livelihood
The intervention will focus on water stressed communities and aim to increase access to safe drinking water.,water_sanitation
A new clean drinking water systems program will be implemented for school children.,water_sanitation
The initiative will establish women business development programs to support women in underserved communities in underserved districts.,women_empowerment
The project aims to increase women's economic independence through financial literacy programs for women.,women_empowerment
The proposed project addresses community needs by providing technical skills training.,livelihood
The project aims to improve women's participation in the workforce through female entrepreneurship support.,women_empowerment
The program focuses on sports infrastructure development for school students living in small towns.,sports
A new recycling facilities program will be implemented for communities near degraded ecosystems.,environment
The project aims to improve access to healthcare through community health centres.,healthcare
The program focuses on village development programs for rural communities living in remote districts.,rural_development
The intervention will focus on socially disadvantaged groups and aim to increase equal opportunities.,social_inequality
The program focuses on small business training for low income households living in underserved communities.,livelihood
The project aims to improve income generation through workforce development programs.,livelihood
The initiative will use primary healthcare centres to expand healthcare access in aspirational districts.,healthcare
The initiative will use scholarship programs to improve student outcomes in low income neighbourhoods.,education
underprivileged youth in remote villages will receive support through sports infrastructure development.,sports
The project aims to increase learning opportunities through digital classrooms.,education
The proposed project addresses community needs by providing disaster preparedness training.,disaster_management
The initiative will establish primary healthcare centres to support elderly residents in underserved regions.,healthcare
The initiative will use community water facilities to increase reliable water access in water stressed districts.,water_sanitation
remote communities in water stressed districts will receive support through clean drinking water systems.,water_sanitation
A new technical skills training program will be implemented for unemployed youth.,livelihood
The program focuses on women employment initiatives for women entrepreneurs living in remote villages.,women_empowerment
The program will expand recycling facilities across water stressed areas to restore degraded ecosystems.,environment
The project will provide flood rehabilitation for disaster prone communities in coastal communities.,disaster_management
A new emergency shelter development program will be implemented for affected rural populations.,disaster_management
The program will expand sports training programs across small towns to develop sporting talent.,sports
The intervention will focus on remote communities and aim to improve sanitation.,water_sanitation
The initiative will establish rural sanitation programs to support school children in underserved regions.,water_sanitation
The project aims to improve rural infrastructure through rural road improvement.,rural_development
The program will expand remedial education programs across low income neighbourhoods to increase digital literacy.,education
The organization plans to develop rural sanitation programs for communities in water stressed districts.,water_sanitation
local residents in degraded land areas will receive support through waste management systems.,environment
The CSR project will implement school infrastructure improvement to help rural students.,education
The program focuses on assistive support programs for persons with disabilities living in remote villages.,social_inequality
The initiative will use biodiversity conservation to reduce waste generation in rural districts.,environment
The program will expand after school learning programs across rural schools to increase learning opportunities.,education
The project will provide athlete development programs for young athletes in small towns.,sports
A new disability inclusion initiatives program will be implemented for vulnerable populations.,social_inequality
The project aims to increase digital literacy through teacher training.,education
The project aims to develop job ready skills through workforce development programs.,livelihood
The program will expand women business development programs across low income communities to improve women's participation in the workforce.,women_empowerment
The program focuses on forest restoration for communities near degraded ecosystems living in villages.,environment
The initiative will establish wastewater management to support underserved villages in rural villages.,water_sanitation
The initiative will establish technical skills training to support unemployed youth in small towns.,livelihood
The initiative will establish emergency response programs to support affected rural populations in coastal communities.,disaster_management
The proposed project addresses community needs by providing entrepreneurship training.,livelihood
The CSR project will implement sports coaching to help underprivileged youth.,sports
school children in aspirational districts will receive support through library development programs.,education
A new disability inclusion initiatives program will be implemented for socially disadvantaged groups.,social_inequality
The project aims to improve disaster preparedness through post disaster rehabilitation.,disaster_management
A new sanitation infrastructure program will be implemented for school children.,water_sanitation
A new learning resource centres program will be implemented for students in underserved areas.,education
The intervention will focus on rural households and aim to increase reliable water access.,water_sanitation
The project aims to improve student outcomes through scholarship programs.,education
The program will expand recycling facilities across degraded land areas to restore degraded ecosystems.,environment
The intervention will focus on disaster affected families and aim to increase community resilience.,disaster_management
The program focuses on land restoration programs for communities near degraded ecosystems living in water stressed areas.,environment
The program focuses on women entrepreneurship programs for women entrepreneurs living in aspirational districts.,women_empowerment
The project will provide financial literacy programs for women for women from low income households in low income communities.,women_empowerment
The intervention will focus on underprivileged youth and aim to support young athletes.,sports
The CSR project will implement accessibility programs to help socially disadvantaged groups.,social_inequality
The project will provide waste management systems for farmers in water stressed areas.,environment
The program will expand post disaster rehabilitation across vulnerable villages to support disaster recovery.,disaster_management
The organization plans to develop forest restoration for communities in degraded land areas.,environment
A new equal opportunity programs program will be implemented for vulnerable populations.,social_inequality
A new computer education programs program will be implemented for young learners.,education
The initiative will use financial literacy programs for women to support women entrepreneurs in aspirational districts.,women_empowerment
The organization plans to develop women employment initiatives for communities in rural communities.,women_empowerment
The program focuses on disaster relief programs for flood affected communities living in flood affected districts.,disaster_management
The initiative will use biodiversity conservation to improve local biodiversity in villages.,environment
The program will expand disability inclusion initiatives across urban communities to reduce social inequalities.,social_inequality
The CSR project will implement small business training to help rural workers.,livelihood
The program will expand assistive support programs across rural districts to reduce social inequalities.,social_inequality
The CSR project will implement wastewater management to help water stressed communities.,water_sanitation
The intervention will focus on rural students and aim to increase digital literacy.,education
The program focuses on workforce development programs for unemployed youth living in small towns.,livelihood
The CSR project will implement rural road improvement to help remote communities.,rural_development
The program will expand women leadership training across rural communities to improve employment opportunities for women.,women_empowerment
The program will expand women leadership training across aspirational districts to increase financial independence.,women_empowerment
The program focuses on after school learning programs for students in underserved areas living in rural schools.,education
The intervention will focus on remote communities and aim to improve community health.,water_sanitation
A new gender equality programs program will be implemented for women in underserved communities.,women_empowerment
The intervention will focus on job seekers and aim to increase economic independence.,livelihood
The program will expand integrated rural development across underserved rural regions to support community development.,rural_development
The project will provide medical camps for rural families in rural districts.,healthcare
The initiative will use health screening programs to provide timely medical assistance in remote tribal areas.,healthcare
The program focuses on community sports centres for rural youth living in remote villages.,sports
The CSR project will implement community inclusion programs to help vulnerable populations.,social_inequality
The initiative will establish equal opportunity programs to support low income households in underserved regions.,social_inequality
The intervention will focus on low income families and aim to increase reliable water access.,water_sanitation
The initiative will use sports infrastructure development to support young athletes in government schools.,sports
The organization plans to develop after school learning programs for communities in rural schools.,education
The proposed project addresses community needs by providing waste management systems.,environment
The program focuses on school infrastructure improvement for children from disadvantaged communities living in aspirational districts.,education
The intervention will focus on marginalized communities and aim to support disadvantaged populations.,social_inequality
A new grassroots sports development program will be implemented for young athletes.,sports
The initiative will establish disaster preparedness training to support disaster affected families in rural districts.,disaster_management
The initiative will use watershed conservation to reduce environmental pollution in rural districts.,environment
The program will expand women business development programs across underserved districts to improve employment opportunities for women.,women_empowerment
The CSR project will implement water treatment facilities to help school children.,water_sanitation
marginalized communities in rural districts will receive support through diagnostic facilities.,healthcare
The initiative will use water purification systems to increase reliable water access in underserved regions.,water_sanitation
The project will provide land restoration programs for future generations in degraded land areas.,environment
The intervention will focus on future generations and aim to restore degraded ecosystems.,environment
affected rural populations in rural districts will receive support through flood rehabilitation.,disaster_management
The program focuses on water treatment facilities for low income families living in water stressed districts.,water_sanitation
The CSR project will implement mobile healthcare clinics to help low income households.,healthcare
The program focuses on after school learning programs for low income students living in remote districts.,education
underserved villages in underserved regions will receive support through rural sanitation programs.,water_sanitation
A new sports equipment programs program will be implemented for school students.,sports
The program focuses on livelihood development programs for unemployed youth living in rural districts.,livelihood
The project aims to reduce environmental pollution through renewable energy projects.,environment
A new entrepreneurship training program will be implemented for young adults.,livelihood
water stressed communities in water stressed districts will receive support through rural sanitation programs.,water_sanitation
A new assistive support programs program will be implemented for underserved communities.,social_inequality
The program will expand support programs for disadvantaged groups across remote villages to reduce social inequalities.,social_inequality
The organization plans to develop sanitation infrastructure for communities in rural villages.,water_sanitation
job seekers in rural districts will receive support through technical skills training.,livelihood
The initiative will use flood rehabilitation to support disaster recovery in vulnerable villages.,disaster_management
The organization plans to develop community water facilities for communities in underserved regions.,water_sanitation
The organization plans to develop support programs for disadvantaged groups for communities in remote villages.,social_inequality
The organization plans to develop support programs for disadvantaged groups for communities in rural districts.,social_inequality
The initiative will establish women leadership training to support women entrepreneurs in remote villages.,women_empowerment
The initiative will use integrated rural development to improve rural connectivity in rural villages.,rural_development
The intervention will focus on rural women and aim to increase women's economic independence.,women_empowerment
The initiative will establish support for marginalized communities to support socially disadvantaged groups in remote villages.,social_inequality
The CSR project will implement disaster recovery programs to help affected rural populations.,disaster_management
The intervention will focus on rural families and aim to increase preventive healthcare coverage.,healthcare
The project will provide water treatment facilities for remote communities in water stressed districts.,water_sanitation
The CSR project will implement emergency response programs to help disaster affected families.,disaster_management
The project will provide youth sports programs for rural youth in underserved districts.,sports
The organization plans to develop medical camps for communities in remote villages.,healthcare
The organization plans to develop rural road improvement for communities in aspirational districts.,rural_development
The project will provide community water facilities for water stressed communities in rural villages.,water_sanitation
The project will provide rural road improvement for village households in underserved rural regions.,rural_development
The intervention will focus on farmers and aim to increase access to basic services.,rural_development
The organization plans to develop mobile healthcare clinics for communities in remote villages.,healthcare
The project will provide teacher training for young learners in remote districts.,education
government school students in aspirational districts will receive support through school infrastructure improvement.,education
The program focuses on community sports centres for underprivileged youth living in rural communities.,sports
The intervention will focus on rural students and aim to improve access to quality education.,education
female workers in rural communities will receive support through women skill development programs.,women_empowerment
The initiative will use village development programs to improve rural connectivity in backward rural areas.,rural_development
The organization plans to develop disaster relief programs for communities in vulnerable villages.,disaster_management
The program will expand self help group training across small towns to increase economic independence.,livelihood
A new post disaster rehabilitation program will be implemented for vulnerable households.,disaster_management
job seekers in small towns will receive support through self help group training.,livelihood
The intervention will focus on job seekers and aim to support sustainable livelihoods.,livelihood
The proposed project addresses community needs by providing self help group training.,livelihood
The organization plans to develop job readiness programs for communities in underserved communities.,livelihood
The project aims to support disaster recovery through community resilience programs.,disaster_management
A new self help group training program will be implemented for low income households.,livelihood
underprivileged youth in underserved districts will receive support through community sports centres.,sports
The initiative will establish small business training to support young adults in rural districts.,livelihood
The initiative will establish employment training to support low income households in low income areas.,livelihood
The project will provide sports infrastructure development for underprivileged youth in underserved districts.,sports
The initiative will use rural sanitation programs to improve hygiene in aspirational districts.,water_sanitation
The program focuses on digital classrooms for young learners living in rural schools.,education
The project will provide assistive support programs for vulnerable populations in rural districts.,social_inequality
The program focuses on integrated rural development for low income rural families living in aspirational districts.,rural_development
The initiative will use sports equipment programs to improve access to sports facilities in rural communities.,sports
The proposed project addresses community needs by providing education technology programs.,education
The intervention will focus on economically disadvantaged communities and aim to improve income generation.,livelihood
The CSR project will implement water treatment facilities to help water stressed communities.,water_sanitation
A new community inclusion programs program will be implemented for marginalized communities.,social_inequality
The intervention will focus on rural workers and aim to develop job ready skills.,livelihood
The initiative will establish women skill development programs to support women in underserved communities in aspirational districts.,women_empowerment
The proposed project addresses community needs by providing women entrepreneurship programs.,women_empowerment
The program focuses on solar energy installations for communities near degraded ecosystems living in water stressed areas.,environment
The organization plans to develop teacher training for communities in government schools.,education
The initiative will establish equal opportunity programs to support vulnerable populations in remote villages.,social_inequality
remote communities in aspirational districts will receive support through wastewater management.,water_sanitation
The intervention will focus on marginalized communities and aim to improve health outcomes.,healthcare
A new self help group development program will be implemented for women from low income households.,women_empowerment
The organization plans to develop community resilience programs for communities in vulnerable villages.,disaster_management
underprivileged youth in underserved districts will receive support through sports equipment programs.,sports
low income rural families in rural villages will receive support through rural connectivity projects.,rural_development
The intervention will focus on farmers and aim to improve environmental sustainability.,environment
children and families in rural districts will receive support through maternal healthcare services.,healthcare
A new vocational training program will be implemented for women entrepreneurs.,livelihood
low income households in remote villages will receive support through vocational training.,livelihood
The CSR project will implement entrepreneurship training to help young adults.,livelihood
The project will provide disaster relief programs for flood affected communities in rural districts.,disaster_management
The CSR project will implement athlete development programs to help children from disadvantaged communities.,sports
The initiative will establish primary healthcare centres to support remote villages in remote villages.,healthcare
The organization plans to develop toilet construction for communities in remote communities.,water_sanitation
The project aims to improve hygiene through rainwater harvesting.,water_sanitation
The intervention will focus on women from low income households and aim to increase financial independence.,women_empowerment
The initiative will use renewable energy projects to improve environmental sustainability in water stressed areas.,environment
The CSR project will implement women leadership training to help women entrepreneurs.,women_empowerment
The CSR project will implement disaster preparedness training to help vulnerable households.,disaster_management
A new vocational training program will be implemented for unemployed youth.,livelihood
The initiative will establish sports infrastructure development to support school students in small towns.,sports
The initiative will establish community centre construction to support village households in rural villages.,rural_development
The project aims to improve employability through skill development programs.,livelihood
The organization plans to develop community resilience programs for communities in rural districts.,disaster_management
The initiative will use rural road improvement to improve quality of life in aspirational districts.,rural_development
The project will provide self help group development for women entrepreneurs in remote villages.,women_empowerment
The proposed project addresses community needs by providing community health centres.,healthcare
The organization plans to develop self help group training for communities in aspirational districts.,livelihood
The proposed project addresses community needs by providing computer education programs.,education
The program will expand solar energy installations across villages to reduce environmental pollution.,environment
The project will provide mobile healthcare clinics for low income households in rural districts.,healthcare
disaster prone communities in disaster prone regions will receive support through disaster recovery programs.,disaster_management
The program focuses on integrated rural development for farmers living in aspirational districts.,rural_development
The program will expand support for marginalized communities across rural districts to reduce social inequalities.,social_inequality
The program focuses on watershed conservation for rural communities living in villages.,environment
The initiative will use rural connectivity projects to improve rural infrastructure in aspirational districts.,rural_development
The project will provide solar energy installations for vulnerable communities in environmentally vulnerable regions.,environment
The program will expand sports equipment programs across small towns to develop sporting talent.,sports
The project aims to increase equal opportunities through support for marginalized communities.,social_inequality
female workers in aspirational districts will receive support through female entrepreneurship support.,women_empowerment
The proposed project addresses community needs by providing youth sports programs.,sports
The organization plans to develop livelihood development programs for communities in rural districts.,livelihood
The organization plans to develop sports training programs for communities in remote villages.,sports
